file,class,type,cbo,cboModified,fanin,fanout,wmc,dit,noc,rfc,lcom,lcom*,tcc,lcc,totalMethodsQty,staticMethodsQty,publicMethodsQty,privateMethodsQty,protectedMethodsQty,defaultMethodsQty,visibleMethodsQty,abstractMethodsQty,finalMethodsQty,synchronizedMethodsQty,totalFieldsQty,staticFieldsQty,publicFieldsQty,privateFieldsQty,protectedFieldsQty,defaultFieldsQty,finalFieldsQty,synchronizedFieldsQty,nosi,loc,returnQty,loopQty,comparisonsQty,tryCatchQty,parenthesizedExpsQty,stringLiteralsQty,numbersQty,assignmentsQty,mathOperationsQty,variablesQty,maxNestedBlocksQty,anonymousClassesQty,innerClassesQty,lambdasQty,uniqueWordsQty,modifiers,logStatementsQty
/home/carlos/Documentos/faculdade/LES/LAB02/repositorios_clonados/react-native-svg/android/src/main/java/com/horcrux/svg/RenderableViewManager.java,com.horcrux.svg.RenderableViewManager$GroupViewManagerAbstract,innerclass,7,7,0,7,8,4,0,6,6,0.0,0.0,0.0,4,0,3,0,0,1,4,0,0,0,0,0,0,0,0,0,0,0,0,36,2,0,0,0,0,7,0,2,0,2,1,0,0,0,21,8,0
/home/carlos/Documentos/faculdade/LES/LAB02/repositorios_clonados/react-native-svg/android/src/deprecated/java/com/horcrux/svg/SvgViewManager.java,SvgViewManager,class,18,18,0,18,69,1,0,50,1701,0.9661017,0.0,0.0,59,3,55,0,1,3,59,0,0,0,4,3,1,3,0,0,4,0,0,214,5,0,2,1,0,25,27,9,1,9,2,0,0,0,142,0,0
/home/carlos/Documentos/faculdade/LES/LAB02/repositorios_clonados/react-native-svg/android/src/main/java/com/horcrux/svg/ClipPathView.java,com.horcrux.svg.ClipPathView,class,9,12,3,9,7,5,0,3,21,0.0,0.0,0.0,7,0,1,0,0,6,7,0,0,0,0,0,0,0,0,0,0,0,0,21,2,0,0,0,0,2,1,0,0,0,0,0,0,0,34,0,0
/home/carlos/Documentos/faculdade/LES/LAB02/repositorios_clonados/react-native-svg/android/src/main/java/com/horcrux/svg/TextProperties.java,com.horcrux.svg.TextProperties$Direction,enum,0,0,0,0,0,1,0,0,0,0.0,-1.0,-1.0,0,0,0,0,0,0,0,0,0,0,0,0,0,0,0,0,0,0,0,1,0,0,0,0,0,1,0,0,0,0,0,0,0,0,3,0,0
/home/carlos/Documentos/faculdade/LES/LAB02/repositorios_clonados/react-native-svg/android/src/main/java/com/horcrux/svg/RNSVGRenderableManager.java,com.horcrux.svg.RNSVGRenderableManager,class,20,22,2,20,35,3,0,35,43,0.8666666,0.0,0.0,10,0,9,0,0,1,10,0,0,0,3,3,1,2,0,0,3,0,10,198,19,1,15,7,3,38,17,59,18,59,3,0,0,0,114,0,0
/home/carlos/Documentos/faculdade/LES/LAB02/repositorios_clonados/react-native-svg/android/src/paper/java/com/facebook/react/viewmanagers/RNSVGFilterManagerDelegate.java,com.facebook.react.viewmanagers.RNSVGFilterManagerDelegate,class,7,8,1,7,10,2,0,8,1,0.0,0.0,0.0,2,0,2,0,0,0,2,0,0,0,0,0,0,0,0,0,0,0,0,32,0,0,1,0,0,7,0,0,0,0,1,0,0,0,20,1,0
/home/carlos/Documentos/faculdade/LES/LAB02/repositorios_clonados/react-native-svg/android/src/main/java/com/horcrux/svg/SvgPackage.java,com.horcrux.svg.SvgPackage,class,15,16,1,15,13,2,0,11,21,0.85714287,0.0,0.0,7,0,5,1,1,0,6,0,0,0,1,0,0,1,0,0,0,0,2,212,10,0,2,1,0,3,0,4,0,4,1,27,0,0,48,1,0
/home/carlos/Documentos/faculdade/LES/LAB02/repositorios_clonados/react-native-svg/android/src/main/java/com/horcrux/svg/TextProperties.java,com.horcrux.svg.TextProperties$TextLengthAdjust,enum,0,0,0,0,0,1,0,0,0,0.0,-1.0,-1.0,0,0,0,0,0,0,0,0,0,0,0,0,0,0,0,0,0,0,0,1,0,0,0,0,0,0,0,0,0,0,0,0,0,0,7,0,0
/home/carlos/Documentos/faculdade/LES/LAB02/repositorios_clonados/react-native-svg/android/src/main/java/com/horcrux/svg/SVGLength.java,com.horcrux.svg.SVGLength$UnitType,enum,0,0,0,0,0,1,0,0,0,0.0,-1.0,-1.0,0,0,0,0,0,0,0,0,0,0,0,0,0,0,0,0,0,0,0,1,0,0,0,0,0,0,0,0,0,0,0,0,0,0,5,1,0
/home/carlos/Documentos/faculdade/LES/LAB02/repositorios_clonados/react-native-svg/android/src/main/java/com/horcrux/svg/FeMergeView.java,com.horcrux.svg.FeMergeView,class,8,10,2,8,6,5,0,9,1,0.33333334,0.0,0.0,3,0,3,0,0,0,3,0,0,0,1,0,0,1,0,0,0,0,0,23,1,1,1,0,0,1,3,7,0,7,2,0,0,0,31,0,0
/home/carlos/Documentos/faculdade/LES/LAB02/repositorios_clonados/react-native-svg/android/src/paper/java/com/facebook/react/viewmanagers/RNSVGTextPathManagerInterface.java,com.facebook.react.viewmanagers.RNSVGTextPathManagerInterface,interface,5,8,3,5,46,1,0,0,1035,0.0,0.0,0.0,46,0,0,0,0,46,46,0,0,0,0,0,0,0,0,0,0,0,0,48,0,0,0,0,0,0,0,0,0,0,0,0,0,0,59,1,0
/home/carlos/Documentos/faculdade/LES/LAB02/repositorios_clonados/react-native-svg/android/src/paper/java/com/facebook/react/viewmanagers/RNSVGPatternManagerInterface.java,com.facebook.react.viewmanagers.RNSVGPatternManagerInterface,interface,5,8,3,5,42,1,0,0,861,0.0,0.0,0.0,42,0,0,0,0,42,42,0,0,0,0,0,0,0,0,0,0,0,0,44,0,0,0,0,0,0,0,0,0,0,0,0,0,0,52,1,0
/home/carlos/Documentos/faculdade/LES/LAB02/repositorios_clonados/react-native-svg/android/src/paper/java/com/facebook/react/viewmanagers/RNSVGRectManagerInterface.java,com.facebook.react.viewmanagers.RNSVGRectManagerInterface,interface,5,8,3,5,32,1,0,0,496,0.0,0.0,0.0,32,0,0,0,0,32,32,0,0,0,0,0,0,0,0,0,0,0,0,34,0,0,0,0,0,0,0,0,0,0,0,0,0,0,41,1,0
/home/carlos/Documentos/faculdade/LES/LAB02/repositorios_clonados/react-native-svg/android/src/main/java/com/horcrux/svg/RenderableViewManager.java,com.horcrux.svg.RenderableViewManager$GroupViewManager,innerclass,4,4,0,4,1,5,0,0,0,0.0,NaN,NaN,1,0,0,0,0,1,1,0,0,0,1,1,1,0,0,0,1,0,0,7,0,0,0,0,0,1,0,2,0,1,0,0,0,0,16,8,0
/home/carlos/Documentos/faculdade/LES/LAB02/repositorios_clonados/react-native-svg/android/src/paper/java/com/horcrux/svg/NativeSvgViewModuleSpec.java,com.horcrux.svg.NativeSvgViewModuleSpec,class,10,11,1,10,3,2,1,0,3,0.6666667,0.0,0.0,3,0,3,0,0,0,3,1,0,0,1,1,1,0,0,0,1,0,0,10,1,0,0,0,0,1,0,1,0,1,0,0,0,0,28,1025,0
/home/carlos/Documentos/faculdade/LES/LAB02/repositorios_clonados/react-native-svg/android/src/paper/java/com/facebook/react/viewmanagers/RNSVGFeMergeManagerDelegate.java,com.facebook.react.viewmanagers.RNSVGFeMergeManagerDelegate,class,8,9,1,8,9,2,0,7,1,0.0,0.0,0.0,2,0,2,0,0,0,2,0,0,0,0,0,0,0,0,0,0,0,0,29,0,0,1,0,0,6,0,0,0,0,1,0,0,0,23,1,0
/home/carlos/Documentos/faculdade/LES/LAB02/repositorios_clonados/react-native-svg/android/src/paper/java/com/facebook/react/viewmanagers/RNSVGFilterManagerInterface.java,com.facebook.react.viewmanagers.RNSVGFilterManagerInterface,interface,3,6,3,3,7,1,0,0,21,0.0,0.0,0.0,7,0,0,0,0,7,7,0,0,0,0,0,0,0,0,0,0,0,0,9,0,0,0,0,0,0,0,0,0,0,0,0,0,0,13,1,0
/home/carlos/Documentos/faculdade/LES/LAB02/repositorios_clonados/react-native-svg/android/src/main/java/com/horcrux/svg/TextProperties.java,com.horcrux.svg.TextProperties$TextPathSide,enum,0,0,0,0,0,1,0,0,0,0.0,-1.0,-1.0,0,0,0,0,0,0,0,0,0,0,0,0,0,0,0,0,0,0,0,1,0,0,0,0,0,1,0,0,0,0,0,0,0,0,5,0,0
/home/carlos/Documentos/faculdade/LES/LAB02/repositorios_clonados/react-native-svg/android/src/main/java/com/horcrux/svg/TextProperties.java,com.horcrux.svg.TextProperties$TextPathMethod,enum,0,0,0,0,0,1,0,0,0,0.0,-1.0,-1.0,0,0,0,0,0,0,0,0,0,0,0,0,0,0,0,0,0,0,0,1,0,0,0,0,0,1,0,0,0,0,0,0,0,0,5,0,0
/home/carlos/Documentos/faculdade/LES/LAB02/repositorios_clonados/react-native-svg/android/src/main/java/com/horcrux/svg/RenderableViewManager.java,com.horcrux.svg.RenderableViewManager$PathViewManager,innerclass,5,5,0,5,2,4,0,1,1,0.5,0.0,0.0,2,0,1,0,0,1,2,0,0,0,1,1,1,0,0,0,1,0,0,10,0,0,0,0,0,2,0,2,0,1,0,0,0,0,20,8,0
/home/carlos/Documentos/faculdade/LES/LAB02/repositorios_clonados/react-native-svg/android/src/main/java/com/horcrux/svg/RNSVGMarkerPosition.java,com.horcrux.svg.SegmentData,class,1,2,1,1,0,1,0,0,0,NaN,-1.0,-1.0,0,0,0,0,0,0,0,0,0,0,3,0,0,0,0,3,0,0,0,5,0,0,0,0,0,0,0,0,0,3,0,0,0,0,7,0,0
/home/carlos/Documentos/faculdade/LES/LAB02/repositorios_clonados/react-native-svg/android/src/main/java/com/horcrux/svg/FilterProperties.java,com.horcrux.svg.FilterProperties$EdgeMode,enum,2,2,0,2,6,1,0,4,0,0.33333334,0.0,0.0,3,1,1,0,0,2,4,0,0,0,2,1,0,2,0,0,2,0,1,20,2,1,0,0,0,5,0,2,1,2,1,0,0,0,29,0,0
/home/carlos/Documentos/faculdade/LES/LAB02/repositorios_clonados/react-native-svg/android/src/main/java/com/horcrux/svg/TextProperties.java,com.horcrux.svg.TextProperties$TextDecoration,enum,2,2,0,2,6,1,0,4,0,0.33333334,0.0,0.0,3,1,1,0,0,2,4,0,0,0,2,1,0,2,0,0,2,0,1,20,2,1,0,0,0,6,0,2,1,2,1,0,0,0,21,0,0
/home/carlos/Documentos/faculdade/LES/LAB02/repositorios_clonados/react-native-svg/android/src/main/java/com/horcrux/svg/RenderableViewManager.java,com.horcrux.svg.VirtualViewManager$MatrixDecompositionContext,innerclass,2,2,0,2,0,2,0,0,0,NaN,-1.0,-1.0,0,0,0,0,0,0,0,0,0,0,5,0,0,0,0,5,5,0,0,7,0,0,0,0,0,0,5,5,0,5,0,0,0,0,9,8,0
/home/carlos/Documentos/faculdade/LES/LAB02/repositorios_clonados/react-native-svg/android/src/paper/java/com/facebook/react/viewmanagers/RNSVGFeOffsetManagerInterface.java,com.facebook.react.viewmanagers.RNSVGFeOffsetManagerInterface,interface,3,6,3,3,8,1,0,0,28,0.0,0.0,0.0,8,0,0,0,0,8,8,0,0,0,0,0,0,0,0,0,0,0,0,10,0,0,0,0,0,0,0,0,0,0,0,0,0,0,13,1,0
/home/carlos/Documentos/faculdade/LES/LAB02/repositorios_clonados/react-native-svg/android/src/main/java/com/horcrux/svg/RenderableViewManager.java,com.horcrux.svg.RenderableViewManager$UseViewManager,innerclass,6,6,0,6,6,4,0,5,15,0.8333333,0.0,0.0,6,0,5,0,0,1,6,0,0,0,1,1,1,0,0,0,1,0,0,22,0,0,0,0,0,6,0,2,0,1,0,0,0,0,29,8,0
/home/carlos/Documentos/faculdade/LES/LAB02/repositorios_clonados/react-native-svg/android/src/main/java/com/horcrux/svg/TextLayoutAlgorithm.java,com.horcrux.svg.TextLayoutAlgorithm,class,16,17,1,16,76,1,0,27,1,0.0,NaN,NaN,2,0,0,1,0,1,1,0,0,0,0,0,0,0,0,0,0,0,13,443,2,11,17,0,7,5,58,124,38,69,7,0,4,0,82,0,0
/home/carlos/Documentos/faculdade/LES/LAB02/repositorios_clonados/react-native-svg/android/src/main/java/com/horcrux/svg/SvgViewModule.java,com.horcrux.svg.SvgViewModule$Anonymous1$Anonymous2$Anonymous3,anonymous,1,1,0,1,1,1,0,1,0,0.0,NaN,NaN,1,0,1,0,0,0,1,0,0,0,0,0,0,0,0,0,0,0,1,5,0,0,0,0,0,0,1,0,1,0,0,0,0,0,6,-1,0
/home/carlos/Documentos/faculdade/LES/LAB02/repositorios_clonados/react-native-svg/android/src/main/java/com/horcrux/svg/PropHelper.java,com.horcrux.svg.PropHelper,class,4,13,9,4,27,1,0,9,3,0.6666667,0.0,0.0,3,3,0,0,0,3,3,0,0,0,1,1,0,1,0,0,1,0,3,103,10,0,4,0,0,8,35,32,16,11,3,0,0,0,89,0,0
/home/carlos/Documentos/faculdade/LES/LAB02/repositorios_clonados/react-native-svg/android/src/main/java/com/horcrux/svg/RenderableViewManager.java,com.horcrux.svg.RenderableViewManager$TSpanViewManager,innerclass,7,7,0,7,3,6,0,1,3,0.6666667,0.0,0.0,3,0,1,0,0,2,3,0,0,0,1,1,1,0,0,0,1,0,0,14,0,0,0,0,0,2,0,3,0,1,0,0,0,0,22,8,0
/home/carlos/Documentos/faculdade/LES/LAB02/repositorios_clonados/react-native-svg/android/src/main/java/com/horcrux/svg/LinearGradientView.java,com.horcrux.svg.LinearGradientView,class,14,16,2,14,18,4,0,11,22,0.7916666,0.0,0.0,9,0,8,0,0,1,9,0,0,0,8,1,0,8,0,0,1,0,5,77,0,0,7,0,0,2,13,15,0,12,2,0,0,0,47,0,0
/home/carlos/Documentos/faculdade/LES/LAB02/repositorios_clonados/react-native-svg/android/src/main/java/com/horcrux/svg/PathView.java,com.horcrux.svg.PathView,class,8,10,2,8,5,4,0,2,0,0.0,0.0,0.0,3,0,2,0,0,1,3,0,0,0,1,0,0,1,0,0,0,0,1,22,1,2,0,0,0,1,0,6,0,1,2,0,0,0,21,0,0
/home/carlos/Documentos/faculdade/LES/LAB02/repositorios_clonados/react-native-svg/android/src/paper/java/com/facebook/react/viewmanagers/RNSVGPathManagerDelegate.java,com.facebook.react.viewmanagers.RNSVGPathManagerDelegate,class,9,10,1,9,50,2,0,30,1,0.0,0.0,0.0,2,0,2,0,0,0,2,0,0,0,0,0,0,0,0,0,0,0,0,92,0,0,21,0,10,27,10,0,0,0,1,0,0,0,27,1,0
/home/carlos/Documentos/faculdade/LES/LAB02/repositorios_clonados/react-native-svg/android/src/paper/java/com/facebook/react/viewmanagers/RNSVGImageManagerDelegate.java,com.facebook.react.viewmanagers.RNSVGImageManagerDelegate,class,9,10,1,9,57,2,0,36,1,0.0,0.0,0.0,2,0,2,0,0,0,2,0,0,0,0,0,0,0,0,0,0,0,0,110,0,0,22,0,11,33,11,0,0,0,1,0,0,0,27,1,0
/home/carlos/Documentos/faculdade/LES/LAB02/repositorios_clonados/react-native-svg/android/src/main/java/com/horcrux/svg/RenderableViewManager.java,com.horcrux.svg.RenderableViewManager$RectViewManager,innerclass,6,6,0,6,7,4,0,6,21,0.85714287,0.0,0.0,7,0,6,0,0,1,7,0,0,0,1,1,1,0,0,0,1,0,0,25,0,0,0,0,0,7,0,2,0,1,0,0,0,0,31,8,0
/home/carlos/Documentos/faculdade/LES/LAB02/repositorios_clonados/react-native-svg/android/src/main/java/com/horcrux/svg/TextProperties.java,com.horcrux.svg.TextProperties$TextPathMidLine,enum,0,0,0,0,0,1,0,0,0,0.0,-1.0,-1.0,0,0,0,0,0,0,0,0,0,0,0,0,0,0,0,0,0,0,0,1,0,0,0,0,0,1,0,0,0,0,0,0,0,0,6,0,0
/home/carlos/Documentos/faculdade/LES/LAB02/repositorios_clonados/react-native-svg/android/src/main/java/com/horcrux/svg/SvgPackage.java,com.horcrux.svg.SvgPackage$Anonymous20,anonymous,2,2,0,2,1,1,0,0,0,0.0,NaN,NaN,1,0,1,0,0,0,1,0,0,0,0,0,0,0,0,0,0,0,0,5,1,0,0,0,0,0,0,0,0,0,0,0,0,0,7,-1,0
/home/carlos/Documentos/faculdade/LES/LAB02/repositorios_clonados/react-native-svg/android/src/main/java/com/horcrux/svg/SvgPackage.java,com.horcrux.svg.SvgPackage$Anonymous22,anonymous,2,2,0,2,1,1,0,0,0,0.0,NaN,NaN,1,0,1,0,0,0,1,0,0,0,0,0,0,0,0,0,0,0,0,5,1,0,0,0,0,0,0,0,0,0,0,0,0,0,6,-1,0
/home/carlos/Documentos/faculdade/LES/LAB02/repositorios_clonados/react-native-svg/android/src/main/java/com/horcrux/svg/FeGaussianBlurView.java,com.horcrux.svg.FeGaussianBlurView,class,11,14,3,11,8,5,0,19,15,0.75,0.0,0.0,7,0,6,1,0,0,6,0,0,0,4,0,0,0,0,4,0,0,4,48,3,0,0,0,0,1,3,13,1,13,1,0,0,0,44,0,0
/home/carlos/Documentos/faculdade/LES/LAB02/repositorios_clonados/react-native-svg/android/src/main/java/com/horcrux/svg/SvgPackage.java,com.horcrux.svg.SvgPackage$Anonymous21,anonymous,2,2,0,2,1,1,0,0,0,0.0,NaN,NaN,1,0,1,0,0,0,1,0,0,0,0,0,0,0,0,0,0,0,0,5,1,0,0,0,0,0,0,0,0,0,0,0,0,0,7,-1,0
/home/carlos/Documentos/faculdade/LES/LAB02/repositorios_clonados/react-native-svg/android/src/main/java/com/horcrux/svg/SvgPackage.java,com.horcrux.svg.SvgPackage$Anonymous24,anonymous,2,2,0,2,1,1,0,0,0,0.0,NaN,NaN,1,0,1,0,0,0,1,0,0,0,0,0,0,0,0,0,0,0,0,5,1,0,0,0,0,0,0,0,0,0,0,0,0,0,6,-1,0
/home/carlos/Documentos/faculdade/LES/LAB02/repositorios_clonados/react-native-svg/android/src/main/java/com/horcrux/svg/SvgPackage.java,com.horcrux.svg.SvgPackage$Anonymous23,anonymous,2,2,0,2,1,1,0,0,0,0.0,NaN,NaN,1,0,1,0,0,0,1,0,0,0,0,0,0,0,0,0,0,0,0,5,1,0,0,0,0,0,0,0,0,0,0,0,0,0,6,-1,0
/home/carlos/Documentos/faculdade/LES/LAB02/repositorios_clonados/react-native-svg/android/src/main/java/com/horcrux/svg/SvgPackage.java,com.horcrux.svg.SvgPackage$Anonymous26,anonymous,2,2,0,2,1,1,0,0,0,0.0,NaN,NaN,1,0,1,0,0,0,1,0,0,0,0,0,0,0,0,0,0,0,0,5,1,0,0,0,0,0,0,0,0,0,0,0,0,0,6,-1,0
/home/carlos/Documentos/faculdade/LES/LAB02/repositorios_clonados/react-native-svg/android/src/main/java/com/horcrux/svg/SvgPackage.java,com.horcrux.svg.SvgPackage$Anonymous25,anonymous,2,2,0,2,1,1,0,0,0,0.0,NaN,NaN,1,0,1,0,0,0,1,0,0,0,0,0,0,0,0,0,0,0,0,5,1,0,0,0,0,0,0,0,0,0,0,0,0,0,5,-1,0
/home/carlos/Documentos/faculdade/LES/LAB02/repositorios_clonados/react-native-svg/android/src/main/java/com/horcrux/svg/ForeignObjectView.java,com.horcrux.svg.ForeignObjectView,class,15,17,2,15,20,5,0,30,31,0.8,0.0,0.0,10,0,6,0,2,2,10,0,0,0,6,0,0,0,0,6,0,0,4,92,1,1,1,0,3,2,5,19,1,19,3,0,0,0,67,0,0
/home/carlos/Documentos/faculdade/LES/LAB02/repositorios_clonados/react-native-svg/android/src/main/java/com/horcrux/svg/SvgPackage.java,com.horcrux.svg.SvgPackage$Anonymous27,anonymous,4,4,0,4,2,1,0,8,0,0.0,NaN,NaN,1,0,1,0,0,0,1,0,0,0,0,0,0,0,0,0,0,0,0,11,1,1,0,0,0,0,0,3,0,3,1,0,0,0,11,-1,0
/home/carlos/Documentos/faculdade/LES/LAB02/repositorios_clonados/react-native-svg/android/src/main/java/com/horcrux/svg/RenderableViewManager.java,com.horcrux.svg.VirtualViewManager$Anonymous1,anonymous,4,4,0,4,4,1,0,1,1,0.0,0.0,0.0,2,0,2,0,0,0,2,0,0,0,0,0,0,0,0,0,0,0,0,12,0,0,0,0,0,0,0,0,0,0,1,0,0,0,11,-1,0
/home/carlos/Documentos/faculdade/LES/LAB02/repositorios_clonados/react-native-svg/android/src/main/java/com/horcrux/svg/PatternView.java,com.horcrux.svg.PatternView,class,15,18,3,15,28,5,0,12,98,0.88839287,0.0,0.0,16,0,14,0,0,2,16,0,0,0,14,1,0,12,0,2,1,0,5,118,1,0,8,0,2,2,15,22,6,18,2,0,0,0,64,0,0
/home/carlos/Documentos/faculdade/LES/LAB02/repositorios_clonados/react-native-svg/android/src/paper/java/com/facebook/react/viewmanagers/RNSVGDefsManagerDelegate.java,com.facebook.react.viewmanagers.RNSVGDefsManagerDelegate,class,7,8,1,7,25,2,0,15,1,0.0,0.0,0.0,2,0,2,0,0,0,2,0,0,0,0,0,0,0,0,0,0,0,0,47,0,0,11,0,2,12,2,0,0,0,1,0,0,0,23,1,0
/home/carlos/Documentos/faculdade/LES/LAB02/repositorios_clonados/react-native-svg/android/src/paper/java/com/facebook/react/viewmanagers/RNSVGClipPathManagerDelegate.java,com.facebook.react.viewmanagers.RNSVGClipPathManagerDelegate,class,9,10,1,9,51,2,0,32,1,0.0,0.0,0.0,2,0,2,0,0,0,2,0,0,0,0,0,0,0,0,0,0,0,0,98,0,0,20,0,10,29,10,0,0,0,1,0,0,0,28,1,0
/home/carlos/Documentos/faculdade/LES/LAB02/repositorios_clonados/react-native-svg/android/src/main/java/com/horcrux/svg/SvgViewModule.java,com.horcrux.svg.SvgViewModule$Anonymous1$Anonymous2,anonymous,2,2,0,2,2,1,0,2,0,0.0,NaN,NaN,1,0,1,0,0,0,1,0,0,0,0,0,0,0,0,0,0,0,1,14,1,0,1,0,0,0,0,1,0,1,1,1,0,0,7,-1,0
/home/carlos/Documentos/faculdade/LES/LAB02/repositorios_clonados/react-native-svg/android/src/paper/java/com/facebook/react/viewmanagers/RNSVGTextPathManagerDelegate.java,com.facebook.react.viewmanagers.RNSVGTextPathManagerDelegate,class,9,10,1,9,75,2,0,49,1,0.0,0.0,0.0,2,0,2,0,0,0,2,0,0,0,0,0,0,0,0,0,0,0,0,149,0,0,27,0,10,46,10,0,0,0,1,0,0,0,28,1,0
/home/carlos/Documentos/faculdade/LES/LAB02/repositorios_clonados/react-native-svg/android/src/paper/java/com/facebook/react/viewmanagers/RNSVGRadialGradientManagerInterface.java,com.facebook.react.viewmanagers.RNSVGRadialGradientManagerInterface,interface,4,7,3,4,21,1,0,0,210,0.0,0.0,0.0,21,0,0,0,0,21,21,0,0,0,0,0,0,0,0,0,0,0,0,23,0,0,0,0,0,0,0,0,0,0,0,0,0,0,31,1,0
/home/carlos/Documentos/faculdade/LES/LAB02/repositorios_clonados/react-native-svg/android/src/main/java/com/horcrux/svg/RNSVGMarkerPosition.java,com.horcrux.svg.Point,class,0,9,9,0,1,1,0,0,0,0.0,NaN,NaN,1,0,0,0,0,1,1,0,0,0,2,0,0,0,0,2,0,0,0,8,0,0,0,0,0,0,0,2,0,2,0,0,0,0,3,0,0
/home/carlos/Documentos/faculdade/LES/LAB02/repositorios_clonados/react-native-svg/android/src/paper/java/com/facebook/react/viewmanagers/RNSVGPathManagerInterface.java,com.facebook.react.viewmanagers.RNSVGPathManagerInterface,interface,5,8,3,5,27,1,0,0,351,0.0,0.0,0.0,27,0,0,0,0,27,27,0,0,0,0,0,0,0,0,0,0,0,0,29,0,0,0,0,0,0,0,0,0,0,0,0,0,0,37,1,0
/home/carlos/Documentos/faculdade/LES/LAB02/repositorios_clonados/react-native-svg/android/src/main/java/com/horcrux/svg/FilterPrimitiveView.java,com.horcrux.svg.FilterPrimitiveView,class,7,13,6,7,12,4,4,6,23,0.65,0.0,0.0,10,1,8,0,1,1,10,0,0,0,2,0,1,1,0,0,1,0,0,40,3,0,2,0,0,1,0,3,0,3,0,0,0,0,33,0,0
/home/carlos/Documentos/faculdade/LES/LAB02/repositorios_clonados/react-native-svg/android/src/main/java/com/horcrux/svg/FontData.java,com.horcrux.svg.FontData$AbsoluteFontWeight,innerclass,4,4,0,4,12,1,0,4,4,0.75,0.0,0.0,4,4,0,2,0,2,2,0,0,0,3,3,0,2,0,1,3,0,3,47,12,0,2,0,0,0,25,3,1,3,1,0,0,0,22,8,0
/home/carlos/Documentos/faculdade/LES/LAB02/repositorios_clonados/react-native-svg/android/src/main/java/com/horcrux/svg/SvgViewModule.java,com.horcrux.svg.SvgViewModule$Anonymous1$Anonymous4,anonymous,1,1,0,1,1,1,0,1,0,0.0,NaN,NaN,1,0,1,0,0,0,1,0,0,0,0,0,0,0,0,0,0,0,1,5,0,0,0,0,0,0,1,0,1,0,0,0,0,0,6,-1,0
/home/carlos/Documentos/faculdade/LES/LAB02/repositorios_clonados/react-native-svg/android/src/main/java/com/horcrux/svg/FontData.java,com.horcrux.svg.FontData,class,10,15,5,10,24,1,0,19,0,0.6689655,NaN,NaN,5,0,0,4,0,1,1,0,0,0,29,14,0,13,0,16,27,0,12,163,2,0,3,0,0,12,10,56,0,36,3,0,1,0,69,0,0
/home/carlos/Documentos/faculdade/LES/LAB02/repositorios_clonados/react-native-svg/android/src/paper/java/com/facebook/react/viewmanagers/RNSVGGroupManagerInterface.java,com.facebook.react.viewmanagers.RNSVGGroupManagerInterface,interface,5,8,3,5,29,1,0,0,406,0.0,0.0,0.0,29,0,0,0,0,29,29,0,0,0,0,0,0,0,0,0,0,0,0,31,0,0,0,0,0,0,0,0,0,0,0,0,0,0,39,1,0
/home/carlos/Documentos/faculdade/LES/LAB02/repositorios_clonados/react-native-svg/android/src/main/java/com/horcrux/svg/RNSVGMarkerPosition.java,com.horcrux.svg.RNSVGMarkerType,enum,0,2,2,0,0,1,0,0,0,0.0,-1.0,-1.0,0,0,0,0,0,0,0,0,0,0,0,0,0,0,0,0,0,0,0,1,0,0,0,0,0,0,0,0,0,0,0,0,0,0,10,0,0
/home/carlos/Documentos/faculdade/LES/LAB02/repositorios_clonados/react-native-svg/android/src/main/java/com/horcrux/svg/CircleView.java,com.horcrux.svg.CircleView,class,11,13,2,11,5,4,0,7,4,0.6,0.0,0.0,5,0,4,0,0,1,5,0,0,0,3,0,0,3,0,0,0,0,3,34,1,0,0,0,0,1,0,8,9,7,0,0,0,0,34,0,0
/home/carlos/Documentos/faculdade/LES/LAB02/repositorios_clonados/react-native-svg/android/src/main/java/com/horcrux/svg/RNSVGMarkerPosition.java,com.horcrux.svg.ElementType,enum,0,1,1,0,0,1,0,0,0,0.0,-1.0,-1.0,0,0,0,0,0,0,0,0,0,0,0,0,0,0,0,0,0,0,0,1,0,0,0,0,0,0,0,0,0,0,0,0,0,0,9,0,0
/home/carlos/Documentos/faculdade/LES/LAB02/repositorios_clonados/react-native-svg/android/src/main/java/com/horcrux/svg/FeOffsetView.java,com.horcrux.svg.FeOffsetView,class,10,12,2,10,7,5,0,14,4,0.6,0.0,0.0,5,0,5,0,0,0,5,0,0,0,3,0,0,0,0,3,0,0,3,31,1,0,2,0,0,1,4,9,0,9,0,0,0,0,36,0,0
/home/carlos/Documentos/faculdade/LES/LAB02/repositorios_clonados/react-native-svg/android/src/main/java/com/horcrux/svg/FilterRegion.java,com.horcrux.svg.FilterRegion,class,7,9,2,7,6,1,0,8,2,0.6,0.0,0.0,5,0,5,0,0,0,5,0,0,0,4,0,0,0,0,4,0,0,4,35,2,0,1,0,6,0,0,12,6,8,1,0,0,0,28,1,0
/home/carlos/Documentos/faculdade/LES/LAB02/repositorios_clonados/react-native-svg/android/src/main/java/com/horcrux/svg/TextProperties.java,com.horcrux.svg.TextProperties$FontVariantLigatures,enum,0,0,0,0,0,1,0,0,0,0.0,-1.0,-1.0,0,0,0,0,0,0,0,0,0,0,0,0,0,0,0,0,0,0,0,1,0,0,0,0,0,1,0,0,0,0,0,0,0,0,5,0,0
/home/carlos/Documentos/faculdade/LES/LAB02/repositorios_clonados/react-native-svg/android/src/main/java/com/horcrux/svg/FilterUtils.java,com.horcrux.svg.FilterUtils,class,7,10,3,7,2,1,0,8,1,0.0,0.0,0.0,2,2,2,0,0,0,2,0,0,0,0,0,0,0,0,0,0,0,1,15,2,0,0,0,0,0,27,4,0,4,0,0,0,0,17,1,0
/home/carlos/Documentos/faculdade/LES/LAB02/repositorios_clonados/react-native-svg/android/src/paper/java/com/facebook/react/viewmanagers/RNSVGFeMergeManagerInterface.java,com.facebook.react.viewmanagers.RNSVGFeMergeManagerInterface,interface,4,7,3,4,6,1,0,0,15,0.0,0.0,0.0,6,0,0,0,0,6,6,0,0,0,0,0,0,0,0,0,0,0,0,8,0,0,0,0,0,0,0,0,0,0,0,0,0,0,13,1,0
/home/carlos/Documentos/faculdade/LES/LAB02/repositorios_clonados/react-native-svg/android/src/paper/java/com/facebook/react/viewmanagers/RNSVGTextManagerInterface.java,com.facebook.react.viewmanagers.RNSVGTextManagerInterface,interface,5,8,3,5,40,1,0,0,780,0.0,0.0,0.0,40,0,0,0,0,40,40,0,0,0,0,0,0,0,0,0,0,0,0,42,0,0,0,0,0,0,0,0,0,0,0,0,0,0,53,1,0
/home/carlos/Documentos/faculdade/LES/LAB02/repositorios_clonados/react-native-svg/android/src/paper/java/com/facebook/react/viewmanagers/RNSVGCircleManagerInterface.java,com.facebook.react.viewmanagers.RNSVGCircleManagerInterface,interface,5,8,3,5,29,1,0,0,406,0.0,0.0,0.0,29,0,0,0,0,29,29,0,0,0,0,0,0,0,0,0,0,0,0,31,0,0,0,0,0,0,0,0,0,0,0,0,0,0,39,1,0
/home/carlos/Documentos/faculdade/LES/LAB02/repositorios_clonados/react-native-svg/android/src/main/java/com/horcrux/svg/RenderableViewManager.java,com.horcrux.svg.RenderableViewManager$SymbolManager,innerclass,5,5,0,5,7,5,0,6,21,0.85714287,0.0,0.0,7,0,6,0,0,1,7,0,0,0,1,1,1,0,0,0,1,0,0,25,0,0,0,0,0,7,0,2,0,1,0,0,0,0,32,8,0
/home/carlos/Documentos/faculdade/LES/LAB02/repositorios_clonados/react-native-svg/android/src/main/java/com/horcrux/svg/RNSVGMarkerPosition.java,com.horcrux.svg.RNSVGMarkerPosition,class,5,8,3,5,33,1,0,13,42,0.7916666,NaN,NaN,12,11,0,11,0,1,1,0,0,0,10,7,0,7,0,3,0,0,27,112,11,1,5,0,1,1,31,37,7,19,3,0,0,0,58,0,0
/home/carlos/Documentos/faculdade/LES/LAB02/repositorios_clonados/react-native-svg/android/src/main/java/com/horcrux/svg/RenderableViewManager.java,com.horcrux.svg.RenderableViewManager$CircleViewManager,innerclass,6,6,0,6,4,4,0,3,6,0.75,0.0,0.0,4,0,3,0,0,1,4,0,0,0,1,1,1,0,0,0,1,0,0,16,0,0,0,0,0,4,0,2,0,1,0,0,0,0,24,8,0
/home/carlos/Documentos/faculdade/LES/LAB02/repositorios_clonados/react-native-svg/android/src/paper/java/com/facebook/react/viewmanagers/RNSVGFeGaussianBlurManagerDelegate.java,com.facebook.react.viewmanagers.RNSVGFeGaussianBlurManagerDelegate,class,7,8,1,7,15,2,0,11,1,0.0,0.0,0.0,2,0,2,0,0,0,2,0,0,0,0,0,0,0,0,0,0,0,0,38,0,0,4,0,2,9,2,0,0,0,1,0,0,0,24,1,0
/home/carlos/Documentos/faculdade/LES/LAB02/repositorios_clonados/react-native-svg/android/src/main/java/com/horcrux/svg/SvgPackage.java,com.horcrux.svg.SvgPackage$Anonymous11,anonymous,2,2,0,2,1,1,0,0,0,0.0,NaN,NaN,1,0,1,0,0,0,1,0,0,0,0,0,0,0,0,0,0,0,0,5,1,0,0,0,0,0,0,0,0,0,0,0,0,0,7,-1,0
/home/carlos/Documentos/faculdade/LES/LAB02/repositorios_clonados/react-native-svg/android/src/main/java/com/horcrux/svg/SvgPackage.java,com.horcrux.svg.SvgPackage$Anonymous10,anonymous,2,2,0,2,1,1,0,0,0,0.0,NaN,NaN,1,0,1,0,0,0,1,0,0,0,0,0,0,0,0,0,0,0,0,5,1,0,0,0,0,0,0,0,0,0,0,0,0,0,6,-1,0
/home/carlos/Documentos/faculdade/LES/LAB02/repositorios_clonados/react-native-svg/android/src/main/java/com/horcrux/svg/SvgPackage.java,com.horcrux.svg.SvgPackage$Anonymous13,anonymous,2,2,0,2,1,1,0,0,0,0.0,NaN,NaN,1,0,1,0,0,0,1,0,0,0,0,0,0,0,0,0,0,0,0,5,1,0,0,0,0,0,0,0,0,0,0,0,0,0,6,-1,0
/home/carlos/Documentos/faculdade/LES/LAB02/repositorios_clonados/react-native-svg/android/src/main/java/com/horcrux/svg/SvgPackage.java,com.horcrux.svg.SvgPackage$Anonymous12,anonymous,2,2,0,2,1,1,0,0,0,0.0,NaN,NaN,1,0,1,0,0,0,1,0,0,0,0,0,0,0,0,0,0,0,0,5,1,0,0,0,0,0,0,0,0,0,0,0,0,0,6,-1,0
/home/carlos/Documentos/faculdade/LES/LAB02/repositorios_clonados/react-native-svg/android/src/main/java/com/horcrux/svg/SvgPackage.java,com.horcrux.svg.SvgPackage$Anonymous15,anonymous,2,2,0,2,1,1,0,0,0,0.0,NaN,NaN,1,0,1,0,0,0,1,0,0,0,0,0,0,0,0,0,0,0,0,5,1,0,0,0,0,0,0,0,0,0,0,0,0,0,6,-1,0
/home/carlos/Documentos/faculdade/LES/LAB02/repositorios_clonados/react-native-svg/android/src/main/java/com/horcrux/svg/TextLayoutAlgorithm.java,com.horcrux.svg.TextLayoutAlgorithm$CharacterInformation,innerclass,1,1,0,1,1,1,0,0,0,0.875,NaN,NaN,1,0,0,0,0,1,1,0,0,0,16,0,0,0,0,16,0,0,0,22,0,0,0,0,0,0,3,14,0,16,0,0,0,0,25,0,0
/home/carlos/Documentos/faculdade/LES/LAB02/repositorios_clonados/react-native-svg/android/src/main/java/com/horcrux/svg/SvgPackage.java,com.horcrux.svg.SvgPackage$Anonymous14,anonymous,2,2,0,2,1,1,0,0,0,0.0,NaN,NaN,1,0,1,0,0,0,1,0,0,0,0,0,0,0,0,0,0,0,0,5,1,0,0,0,0,0,0,0,0,0,0,0,0,0,5,-1,0
/home/carlos/Documentos/faculdade/LES/LAB02/repositorios_clonados/react-native-svg/android/src/main/java/com/horcrux/svg/SvgPackage.java,com.horcrux.svg.SvgPackage$Anonymous17,anonymous,2,2,0,2,1,1,0,0,0,0.0,NaN,NaN,1,0,1,0,0,0,1,0,0,0,0,0,0,0,0,0,0,0,0,5,1,0,0,0,0,0,0,0,0,0,0,0,0,0,5,-1,0
/home/carlos/Documentos/faculdade/LES/LAB02/repositorios_clonados/react-native-svg/android/src/paper/java/com/facebook/react/viewmanagers/RNSVGCircleManagerDelegate.java,com.facebook.react.viewmanagers.RNSVGCircleManagerDelegate,class,9,10,1,9,51,2,0,32,1,0.0,0.0,0.0,2,0,2,0,0,0,2,0,0,0,0,0,0,0,0,0,0,0,0,98,0,0,20,0,10,29,10,0,0,0,1,0,0,0,27,1,0
/home/carlos/Documentos/faculdade/LES/LAB02/repositorios_clonados/react-native-svg/android/src/main/java/com/horcrux/svg/SvgPackage.java,com.horcrux.svg.SvgPackage$Anonymous16,anonymous,2,2,0,2,1,1,0,0,0,0.0,NaN,NaN,1,0,1,0,0,0,1,0,0,0,0,0,0,0,0,0,0,0,0,5,1,0,0,0,0,0,0,0,0,0,0,0,0,0,6,-1,0
/home/carlos/Documentos/faculdade/LES/LAB02/repositorios_clonados/react-native-svg/android/src/main/java/com/horcrux/svg/SvgPackage.java,com.horcrux.svg.SvgPackage$Anonymous19,anonymous,2,2,0,2,1,1,0,0,0,0.0,NaN,NaN,1,0,1,0,0,0,1,0,0,0,0,0,0,0,0,0,0,0,0,5,1,0,0,0,0,0,0,0,0,0,0,0,0,0,5,-1,0
/home/carlos/Documentos/faculdade/LES/LAB02/repositorios_clonados/react-native-svg/android/src/main/java/com/horcrux/svg/SvgPackage.java,com.horcrux.svg.SvgPackage$Anonymous18,anonymous,2,2,0,2,1,1,0,0,0,0.0,NaN,NaN,1,0,1,0,0,0,1,0,0,0,0,0,0,0,0,0,0,0,0,5,1,0,0,0,0,0,0,0,0,0,0,0,0,0,5,-1,0
/home/carlos/Documentos/faculdade/LES/LAB02/repositorios_clonados/react-native-svg/android/src/main/java/com/horcrux/svg/FilterProperties.java,com.horcrux.svg.FilterProperties,class,0,0,0,0,0,1,0,0,0,0.0,-1.0,-1.0,0,0,0,0,0,0,0,0,0,0,0,0,0,0,0,0,0,0,0,62,0,0,0,0,0,0,0,0,0,0,0,0,3,0,46,0,0
/home/carlos/Documentos/faculdade/LES/LAB02/repositorios_clonados/react-native-svg/android/src/paper/java/com/facebook/react/viewmanagers/RNSVGRadialGradientManagerDelegate.java,com.facebook.react.viewmanagers.RNSVGRadialGradientManagerDelegate,class,8,9,1,8,35,2,0,24,1,0.0,0.0,0.0,2,0,2,0,0,0,2,0,0,0,0,0,0,0,0,0,0,0,0,74,0,0,12,0,3,21,3,0,0,0,1,0,0,0,26,1,0
/home/carlos/Documentos/faculdade/LES/LAB02/repositorios_clonados/react-native-svg/android/src/main/java/com/horcrux/svg/RenderableViewManager.java,com.horcrux.svg.RenderableViewManager$LineViewManager,innerclass,6,6,0,6,5,4,0,4,10,0.8,0.0,0.0,5,0,4,0,0,1,5,0,0,0,1,1,1,0,0,0,1,0,0,19,0,0,0,0,0,5,0,2,0,1,0,0,0,0,27,8,0
/home/carlos/Documentos/faculdade/LES/LAB02/repositorios_clonados/react-native-svg/android/src/main/java/com/horcrux/svg/RenderableViewManager.java,com.horcrux.svg.RenderableViewManager$FeMergeManager,innerclass,6,6,0,6,2,4,0,1,1,0.5,0.0,0.0,2,0,1,0,0,1,2,0,0,0,1,1,1,0,0,0,1,0,0,10,0,0,0,0,0,2,0,2,0,1,0,0,0,0,23,8,0
/home/carlos/Documentos/faculdade/LES/LAB02/repositorios_clonados/react-native-svg/android/src/paper/java/com/facebook/react/viewmanagers/RNSVGSymbolManagerDelegate.java,com.facebook.react.viewmanagers.RNSVGSymbolManagerDelegate,class,9,10,1,9,63,2,0,38,1,0.0,0.0,0.0,2,0,2,0,0,0,2,0,0,0,0,0,0,0,0,0,0,0,0,116,0,0,26,0,15,35,15,0,0,0,1,0,0,0,27,1,0
/home/carlos/Documentos/faculdade/LES/LAB02/repositorios_clonados/react-native-svg/android/src/main/java/com/horcrux/svg/GroupView.java,com.horcrux.svg.GroupView,class,24,42,18,24,65,4,7,68,126,0.89411765,0.0,0.0,17,1,3,1,0,13,16,0,0,0,5,0,0,4,0,1,1,0,3,258,11,7,15,0,9,2,20,61,2,50,4,0,0,0,85,0,0
/home/carlos/Documentos/faculdade/LES/LAB02/repositorios_clonados/react-native-svg/android/src/paper/java/com/facebook/react/viewmanagers/RNSVGTextManagerDelegate.java,com.facebook.react.viewmanagers.RNSVGTextManagerDelegate,class,9,10,1,9,64,2,0,43,1,0.0,0.0,0.0,2,0,2,0,0,0,2,0,0,0,0,0,0,0,0,0,0,0,0,131,0,0,22,0,10,40,10,0,0,0,1,0,0,0,27,1,0
/home/carlos/Documentos/faculdade/LES/LAB02/repositorios_clonados/react-native-svg/android/src/paper/java/com/facebook/react/viewmanagers/RNSVGLineManagerDelegate.java,com.facebook.react.viewmanagers.RNSVGLineManagerDelegate,class,9,10,1,9,52,2,0,33,1,0.0,0.0,0.0,2,0,2,0,0,0,2,0,0,0,0,0,0,0,0,0,0,0,0,101,0,0,20,0,10,30,10,0,0,0,1,0,0,0,27,1,0
/home/carlos/Documentos/faculdade/LES/LAB02/repositorios_clonados/react-native-svg/android/src/paper/java/com/facebook/react/viewmanagers/RNSVGForeignObjectManagerDelegate.java,com.facebook.react.viewmanagers.RNSVGForeignObjectManagerDelegate,class,9,10,1,9,55,2,0,36,1,0.0,0.0,0.0,2,0,2,0,0,0,2,0,0,0,0,0,0,0,0,0,0,0,0,110,0,0,20,0,10,33,10,0,0,0,1,0,0,0,27,1,0
/home/carlos/Documentos/faculdade/LES/LAB02/repositorios_clonados/react-native-svg/android/src/main/java/com/horcrux/svg/VirtualView.java,com.horcrux.svg.VirtualView,class,30,66,36,30,105,2,2,76,957,0.9540425,0.0,0.0,47,0,14,6,2,25,41,3,0,0,50,4,0,14,0,36,7,0,22,453,36,3,35,0,11,7,42,115,17,94,3,0,0,0,247,1025,0
/home/carlos/Documentos/faculdade/LES/LAB02/repositorios_clonados/react-native-svg/android/src/paper/java/com/facebook/react/viewmanagers/RNSVGMarkerManagerDelegate.java,com.facebook.react.viewmanagers.RNSVGMarkerManagerDelegate,class,9,10,1,9,71,2,0,44,1,0.0,0.0,0.0,2,0,2,0,0,0,2,0,0,0,0,0,0,0,0,0,0,0,0,134,0,0,28,0,15,41,15,0,0,0,1,0,0,0,27,1,0
/home/carlos/Documentos/faculdade/LES/LAB02/repositorios_clonados/react-native-svg/android/src/main/java/com/horcrux/svg/Brush.java,com.horcrux.svg.Brush,class,21,27,6,21,33,1,0,22,27,0.7875,0.0,0.0,10,1,0,3,0,7,7,0,0,0,8,0,0,8,0,0,3,0,4,142,5,1,12,0,2,3,39,62,22,52,2,0,2,0,103,0,0
/home/carlos/Documentos/faculdade/LES/LAB02/repositorios_clonados/react-native-svg/android/src/main/java/com/horcrux/svg/RenderableViewManager.java,com.horcrux.svg.RenderableViewManager$EllipseViewManager,innerclass,6,6,0,6,5,4,0,4,10,0.8,0.0,0.0,5,0,4,0,0,1,5,0,0,0,1,1,1,0,0,0,1,0,0,19,0,0,0,0,0,5,0,2,0,1,0,0,0,0,27,8,0
/home/carlos/Documentos/faculdade/LES/LAB02/repositorios_clonados/react-native-svg/android/src/main/java/com/horcrux/svg/MaskView.java,com.horcrux.svg.MaskView$MaskType,enum,0,0,0,0,0,1,0,0,0,0.0,-1.0,-1.0,0,0,0,0,0,0,0,0,0,0,0,0,0,0,0,0,0,0,0,1,0,0,0,0,0,0,0,0,0,0,0,0,0,0,7,0,0
/home/carlos/Documentos/faculdade/LES/LAB02/repositorios_clonados/react-native-svg/android/src/main/java/com/horcrux/svg/RenderableViewManager.java,com.horcrux.svg.RenderableViewManager$DefsViewManager,innerclass,4,4,0,4,1,3,0,0,0,0.0,NaN,NaN,1,0,0,0,0,1,1,0,0,0,1,1,1,0,0,0,1,0,0,7,0,0,0,0,0,1,0,2,0,1,0,0,0,0,16,8,0
/home/carlos/Documentos/faculdade/LES/LAB02/repositorios_clonados/react-native-svg/android/src/paper/java/com/facebook/react/viewmanagers/RNSVGRectManagerDelegate.java,com.facebook.react.viewmanagers.RNSVGRectManagerDelegate,class,9,10,1,9,54,2,0,35,1,0.0,0.0,0.0,2,0,2,0,0,0,2,0,0,0,0,0,0,0,0,0,0,0,0,107,0,0,20,0,10,32,10,0,0,0,1,0,0,0,27,1,0
/home/carlos/Documentos/faculdade/LES/LAB02/repositorios_clonados/react-native-svg/android/src/main/java/com/horcrux/svg/TextProperties.java,com.horcrux.svg.TextProperties$TextPathSpacing,enum,0,0,0,0,0,1,0,0,0,0.0,-1.0,-1.0,0,0,0,0,0,0,0,0,0,0,0,0,0,0,0,0,0,0,0,1,0,0,0,0,0,1,0,0,0,0,0,0,0,0,5,0,0
/home/carlos/Documentos/faculdade/LES/LAB02/repositorios_clonados/react-native-svg/android/src/paper/java/com/facebook/react/viewmanagers/RNSVGLineManagerInterface.java,com.facebook.react.viewmanagers.RNSVGLineManagerInterface,interface,5,8,3,5,30,1,0,0,435,0.0,0.0,0.0,30,0,0,0,0,30,30,0,0,0,0,0,0,0,0,0,0,0,0,32,0,0,0,0,0,0,0,0,0,0,0,0,0,0,40,1,0
/home/carlos/Documentos/faculdade/LES/LAB02/repositorios_clonados/react-native-svg/android/src/main/java/com/horcrux/svg/PathParser.java,com.horcrux.svg.PathParser,class,5,7,2,5,144,1,0,56,54,0.72944295,NaN,NaN,29,29,0,28,0,1,1,0,0,0,13,13,0,11,0,2,0,0,148,514,11,4,36,0,33,10,63,159,175,79,4,0,0,0,108,0,0
/home/carlos/Documentos/faculdade/LES/LAB02/repositorios_clonados/react-native-svg/android/src/main/java/com/horcrux/svg/EllipseView.java,com.horcrux.svg.EllipseView,class,12,14,2,12,6,4,0,6,7,0.6666667,0.0,0.0,6,0,5,0,0,1,6,0,0,0,4,0,0,4,0,0,0,0,4,41,1,0,0,0,4,1,0,11,13,10,0,0,0,0,38,0,0
/home/carlos/Documentos/faculdade/LES/LAB02/repositorios_clonados/react-native-svg/android/src/main/java/com/horcrux/svg/ImageView.java,com.horcrux.svg.ImageView$Anonymous1,anonymous,6,6,0,6,3,1,0,11,1,0.0,0.0,0.0,2,0,2,0,0,0,2,0,0,0,0,0,0,0,0,0,0,0,0,15,0,0,1,0,0,1,0,2,0,2,1,0,0,0,24,-1,0
/home/carlos/Documentos/faculdade/LES/LAB02/repositorios_clonados/react-native-svg/android/src/main/java/com/horcrux/svg/SvgViewModule.java,com.horcrux.svg.SvgViewModule$Anonymous1,anonymous,2,2,0,2,4,1,0,8,0,0.0,NaN,NaN,1,0,1,0,0,0,1,0,0,0,0,0,0,0,0,0,0,0,2,38,0,0,2,0,0,2,0,1,0,1,2,2,0,0,8,-1,0
/home/carlos/Documentos/faculdade/LES/LAB02/repositorios_clonados/react-native-svg/android/src/main/java/com/horcrux/svg/TextPathView.java,com.horcrux.svg.TextPathView,class,17,24,7,17,18,6,0,11,124,0.8823529,0.0,0.0,17,0,7,0,0,10,17,0,0,0,6,0,0,6,0,0,0,0,5,69,8,0,0,0,1,3,0,11,0,9,1,0,0,0,46,0,0
/home/carlos/Documentos/faculdade/LES/LAB02/repositorios_clonados/react-native-svg/android/src/main/java/com/horcrux/svg/RadialGradientView.java,com.horcrux.svg.RadialGradientView,class,14,16,2,14,20,4,0,11,37,0.8272728,0.0,0.0,11,0,10,0,0,1,11,0,0,0,10,1,0,10,0,0,1,0,7,87,0,0,7,0,0,2,13,17,0,14,2,0,0,0,51,0,0
/home/carlos/Documentos/faculdade/LES/LAB02/repositorios_clonados/react-native-svg/android/src/main/java/com/horcrux/svg/Brush.java,com.horcrux.svg.Brush$BrushType,enum,0,0,0,0,0,1,0,0,0,0.0,-1.0,-1.0,0,0,0,0,0,0,0,0,0,0,0,0,0,0,0,0,0,0,0,1,0,0,0,0,0,0,0,0,0,0,0,0,0,0,9,0,0
/home/carlos/Documentos/faculdade/LES/LAB02/repositorios_clonados/react-native-svg/android/src/paper/java/com/facebook/react/viewmanagers/RNSVGMarkerManagerInterface.java,com.facebook.react.viewmanagers.RNSVGMarkerManagerInterface,interface,5,8,3,5,41,1,0,0,820,0.0,0.0,0.0,41,0,0,0,0,41,41,0,0,0,0,0,0,0,0,0,0,0,0,43,0,0,0,0,0,0,0,0,0,0,0,0,0,0,51,1,0
/home/carlos/Documentos/faculdade/LES/LAB02/repositorios_clonados/react-native-svg/android/src/paper/java/com/facebook/react/viewmanagers/RNSVGUseManagerInterface.java,com.facebook.react.viewmanagers.RNSVGUseManagerInterface,interface,5,8,3,5,31,1,0,0,465,0.0,0.0,0.0,31,0,0,0,0,31,31,0,0,0,0,0,0,0,0,0,0,0,0,33,0,0,0,0,0,0,0,0,0,0,0,0,0,0,40,1,0
/home/carlos/Documentos/faculdade/LES/LAB02/repositorios_clonados/react-native-svg/android/src/paper/java/com/facebook/react/viewmanagers/RNSVGTSpanManagerInterface.java,com.facebook.react.viewmanagers.RNSVGTSpanManagerInterface,interface,5,8,3,5,41,1,0,0,820,0.0,0.0,0.0,41,0,0,0,0,41,41,0,0,0,0,0,0,0,0,0,0,0,0,43,0,0,0,0,0,0,0,0,0,0,0,0,0,0,54,1,0
/home/carlos/Documentos/faculdade/LES/LAB02/repositorios_clonados/react-native-svg/android/src/main/java/com/horcrux/svg/TextLayoutAlgorithm.java,com.horcrux.svg.TextLayoutAlgorithm$LayoutInput,innerclass,1,1,0,1,0,1,0,0,0,NaN,-1.0,-1.0,0,0,0,0,0,0,0,0,0,0,2,0,0,0,0,2,0,0,0,4,0,0,0,0,0,0,0,0,0,2,0,0,0,0,6,0,0
/home/carlos/Documentos/faculdade/LES/LAB02/repositorios_clonados/react-native-svg/android/src/paper/java/com/facebook/react/viewmanagers/RNSVGFeColorMatrixManagerInterface.java,com.facebook.react.viewmanagers.RNSVGFeColorMatrixManagerInterface,interface,4,7,3,4,8,1,0,0,28,0.0,0.0,0.0,8,0,0,0,0,8,8,0,0,0,0,0,0,0,0,0,0,0,0,10,0,0,0,0,0,0,0,0,0,0,0,0,0,0,15,1,0
/home/carlos/Documentos/faculdade/LES/LAB02/repositorios_clonados/react-native-svg/android/src/paper/java/com/facebook/react/viewmanagers/RNSVGUseManagerDelegate.java,com.facebook.react.viewmanagers.RNSVGUseManagerDelegate,class,9,10,1,9,54,2,0,34,1,0.0,0.0,0.0,2,0,2,0,0,0,2,0,0,0,0,0,0,0,0,0,0,0,0,104,0,0,21,0,10,31,10,0,0,0,1,0,0,0,27,1,0
/home/carlos/Documentos/faculdade/LES/LAB02/repositorios_clonados/react-native-svg/android/src/main/java/com/horcrux/svg/TSpanView.java,com.horcrux.svg.TSpanView,class,37,44,7,37,147,6,0,127,88,0.87499994,0.0,0.0,17,1,4,8,0,5,9,0,0,0,16,10,0,10,0,6,13,0,11,623,24,8,39,3,19,35,81,217,62,160,6,0,0,0,258,0,0
/home/carlos/Documentos/faculdade/LES/LAB02/repositorios_clonados/react-native-svg/android/src/main/java/com/horcrux/svg/RenderableViewManager.java,com.horcrux.svg.VirtualViewManager$SVGClass,enum,0,0,0,0,0,1,0,0,0,0.0,-1.0,-1.0,0,0,0,0,0,0,0,0,0,0,0,0,0,0,0,0,0,0,0,1,0,0,0,0,0,0,0,0,0,0,0,0,0,0,9,4,0
/home/carlos/Documentos/faculdade/LES/LAB02/repositorios_clonados/react-native-svg/android/src/main/java/com/horcrux/svg/MaskView.java,com.horcrux.svg.MaskView,class,9,14,5,9,17,5,0,4,43,0.88571435,0.0,0.0,10,0,9,0,0,1,10,0,0,0,7,0,0,2,0,5,0,0,4,71,1,0,1,0,0,5,6,11,0,8,1,0,1,0,39,0,0
/home/carlos/Documentos/faculdade/LES/LAB02/repositorios_clonados/react-native-svg/android/src/main/java/com/horcrux/svg/FilterView.java,com.horcrux.svg.FilterView,class,15,18,3,15,14,4,0,24,2,0.6944444,0.0,0.0,9,0,8,0,0,1,9,0,0,0,4,0,0,4,0,0,2,0,4,74,1,1,3,0,0,7,1,15,0,13,3,0,0,0,54,0,0
/home/carlos/Documentos/faculdade/LES/LAB02/repositorios_clonados/react-native-svg/android/src/main/java/com/horcrux/svg/RenderableViewManager.java,com.horcrux.svg.RenderableViewManager$MaskManager,innerclass,6,6,0,6,8,5,0,7,28,0.875,0.0,0.0,8,0,7,0,0,1,8,0,0,0,1,1,1,0,0,0,1,0,0,28,0,0,0,0,0,8,0,2,0,1,0,0,0,0,31,8,0
/home/carlos/Documentos/faculdade/LES/LAB02/repositorios_clonados/react-native-svg/android/src/main/java/com/horcrux/svg/RenderableViewManager.java,com.horcrux.svg.RenderableViewManager$LinearGradientManager,innerclass,8,8,0,8,8,3,0,7,28,0.875,0.0,0.0,8,0,7,0,0,1,8,0,0,0,1,1,1,0,0,0,1,0,0,28,0,0,0,0,0,8,0,2,0,1,0,0,0,0,34,8,0
/home/carlos/Documentos/faculdade/LES/LAB02/repositorios_clonados/react-native-svg/android/src/main/java/com/horcrux/svg/RenderableViewManager.java,com.horcrux.svg.VirtualViewManager$RenderableShadowNode,innerclass,3,3,0,3,1,2,0,0,0,0.0,NaN,NaN,1,0,1,0,0,0,1,0,0,0,0,0,0,0,0,0,0,0,0,4,0,0,0,0,0,2,0,0,0,0,0,0,0,0,9,8,0
/home/carlos/Documentos/faculdade/LES/LAB02/repositorios_clonados/react-native-svg/android/src/main/java/com/horcrux/svg/TextLayoutAlgorithm.java,com.horcrux.svg.TextLayoutAlgorithm$1CharacterPositioningResolver,innerclass,6,6,0,6,22,1,0,6,0,0.1875,-1.0,-1.0,2,0,0,2,0,0,0,0,0,0,8,0,0,8,0,0,0,0,1,85,0,2,5,0,1,2,7,35,10,21,4,0,0,0,33,0,0
/home/carlos/Documentos/faculdade/LES/LAB02/repositorios_clonados/react-native-svg/android/src/main/java/com/horcrux/svg/events/SvgLoadEvent.java,com.horcrux.svg.events.SvgLoadEvent,class,6,8,2,6,5,2,0,9,8,0.65,0.0,0.0,5,0,4,0,1,0,5,0,0,0,4,1,1,3,0,0,4,0,0,31,3,0,0,0,0,5,1,7,0,7,0,0,0,0,33,1,0
/home/carlos/Documentos/faculdade/LES/LAB02/repositorios_clonados/react-native-svg/android/src/main/java/com/horcrux/svg/DefinitionView.java,com.horcrux.svg.DefinitionView,class,7,12,5,7,5,3,5,0,10,0.0,0.0,0.0,5,0,0,0,0,5,5,0,0,0,0,0,0,0,0,0,0,0,0,16,3,0,0,0,0,2,1,0,0,0,0,0,0,0,20,0,0
/home/carlos/Documentos/faculdade/LES/LAB02/repositorios_clonados/react-native-svg/android/src/main/java/com/horcrux/svg/RenderableViewManager.java,com.horcrux.svg.RenderableViewManager$PatternManager,innerclass,8,8,0,8,14,5,0,13,91,0.9285714,0.0,0.0,14,0,13,0,0,1,14,0,0,0,1,1,1,0,0,0,1,0,0,46,0,0,0,0,0,14,0,2,0,1,0,0,0,0,44,8,0
/home/carlos/Documentos/faculdade/LES/LAB02/repositorios_clonados/react-native-svg/android/src/main/java/com/horcrux/svg/TextLayoutAlgorithm.java,com.horcrux.svg.TextLayoutAlgorithm$1TextLengthResolver,innerclass,3,3,0,3,19,1,0,6,0,0.0,-1.0,-1.0,1,0,0,1,0,0,0,0,0,0,1,0,0,0,0,1,0,0,4,57,1,3,6,0,7,0,7,26,7,19,4,0,0,0,34,0,0
/home/carlos/Documentos/faculdade/LES/LAB02/repositorios_clonados/react-native-svg/android/src/main/java/com/horcrux/svg/TextProperties.java,com.horcrux.svg.TextProperties$FontWeight,enum,2,2,0,2,6,1,0,4,0,0.5,0.0,0.0,4,2,1,0,0,3,5,0,0,0,2,1,0,2,0,0,2,0,1,20,3,1,0,0,0,13,0,2,0,2,1,0,0,0,26,0,0
/home/carlos/Documentos/faculdade/LES/LAB02/repositorios_clonados/react-native-svg/android/src/main/java/com/horcrux/svg/RenderableViewManager.java,com.horcrux.svg.RenderableViewManager$FeGaussianBlurManager,innerclass,5,5,0,5,5,4,0,4,10,0.8,0.0,0.0,5,0,4,0,0,1,5,0,0,0,1,1,1,0,0,0,1,0,0,19,0,0,0,0,0,5,0,2,0,1,0,0,0,0,30,8,0
/home/carlos/Documentos/faculdade/LES/LAB02/repositorios_clonados/react-native-svg/android/src/paper/java/com/facebook/react/viewmanagers/RNSVGGroupManagerDelegate.java,com.facebook.react.viewmanagers.RNSVGGroupManagerDelegate,class,9,10,1,9,51,2,0,32,1,0.0,0.0,0.0,2,0,2,0,0,0,2,0,0,0,0,0,0,0,0,0,0,0,0,98,0,0,20,0,10,29,10,0,0,0,1,0,0,0,27,1,0
/home/carlos/Documentos/faculdade/LES/LAB02/repositorios_clonados/react-native-svg/android/src/main/java/com/horcrux/svg/RenderableViewManager.java,com.horcrux.svg.RenderableViewManager$ClipPathViewManager,innerclass,4,4,0,4,1,5,0,0,0,0.0,NaN,NaN,1,0,0,0,0,1,1,0,0,0,1,1,1,0,0,0,1,0,0,7,0,0,0,0,0,1,0,2,0,1,0,0,0,0,17,8,0
/home/carlos/Documentos/faculdade/LES/LAB02/repositorios_clonados/react-native-svg/android/src/transformRn73/java/com/horcrux/svg/SvgViewManager.java,com.horcrux.svg.SvgViewManager,class,18,22,4,18,70,2,0,53,1760,0.96666664,0.0,0.0,60,3,56,0,1,3,60,0,0,0,4,3,1,3,0,0,4,0,0,218,5,0,2,1,1,25,27,9,1,9,2,0,0,0,147,0,0
/home/carlos/Documentos/faculdade/LES/LAB02/repositorios_clonados/react-native-svg/android/src/paper/java/com/facebook/react/viewmanagers/RNSVGForeignObjectManagerInterface.java,com.facebook.react.viewmanagers.RNSVGForeignObjectManagerInterface,interface,5,8,3,5,33,1,0,0,528,0.0,0.0,0.0,33,0,0,0,0,33,33,0,0,0,0,0,0,0,0,0,0,0,0,35,0,0,0,0,0,0,0,0,0,0,0,0,0,0,42,1,0
/home/carlos/Documentos/faculdade/LES/LAB02/repositorios_clonados/react-native-svg/android/src/main/java/com/horcrux/svg/DefsView.java,com.horcrux.svg.DefsView,class,7,9,2,7,5,4,0,3,3,0.0,0.0,0.0,3,0,1,0,0,2,3,0,0,0,0,0,0,0,0,0,0,0,0,15,0,1,0,0,1,1,1,2,0,2,2,0,0,0,18,0,0
/home/carlos/Documentos/faculdade/LES/LAB02/repositorios_clonados/react-native-svg/android/src/paper/java/com/facebook/react/viewmanagers/RNSVGPatternManagerDelegate.java,com.facebook.react.viewmanagers.RNSVGPatternManagerDelegate,class,9,10,1,9,72,2,0,45,1,0.0,0.0,0.0,2,0,2,0,0,0,2,0,0,0,0,0,0,0,0,0,0,0,0,137,0,0,28,0,17,42,17,0,0,0,1,0,0,0,27,1,0
/home/carlos/Documentos/faculdade/LES/LAB02/repositorios_clonados/react-native-svg/android/src/main/java/com/horcrux/svg/GlyphPathBag.java,com.horcrux.svg.GlyphPathBag,class,4,6,2,4,6,1,0,6,0,0.33333334,0.0,0.0,3,0,0,1,0,2,2,0,0,0,3,0,0,3,0,0,3,0,0,34,3,0,3,0,0,0,13,12,3,8,2,0,0,0,20,0,0
/home/carlos/Documentos/faculdade/LES/LAB02/repositorios_clonados/react-native-svg/android/src/main/java/com/horcrux/svg/RenderableViewManager.java,com.horcrux.svg.RenderableViewManager$FeColorMatrixManager,innerclass,7,7,0,7,4,4,0,3,6,0.75,0.0,0.0,4,0,3,0,0,1,4,0,0,0,1,1,1,0,0,0,1,0,0,16,0,0,0,0,0,4,0,2,0,1,0,0,0,0,28,8,0
/home/carlos/Documentos/faculdade/LES/LAB02/repositorios_clonados/react-native-svg/android/src/paper/java/com/facebook/react/viewmanagers/RNSVGClipPathManagerInterface.java,com.facebook.react.viewmanagers.RNSVGClipPathManagerInterface,interface,5,8,3,5,29,1,0,0,406,0.0,0.0,0.0,29,0,0,0,0,29,29,0,0,0,0,0,0,0,0,0,0,0,0,31,0,0,0,0,0,0,0,0,0,0,0,0,0,0,39,1,0
/home/carlos/Documentos/faculdade/LES/LAB02/repositorios_clonados/react-native-svg/android/src/main/java/com/horcrux/svg/FilterProperties.java,com.horcrux.svg.FilterProperties$FeColorMatrixType,enum,2,2,0,2,6,1,0,4,0,0.33333334,0.0,0.0,3,1,1,0,0,2,4,0,0,0,2,1,0,2,0,0,2,0,1,20,2,1,0,0,0,5,0,2,1,2,1,0,0,0,33,0,0
/home/carlos/Documentos/faculdade/LES/LAB02/repositorios_clonados/react-native-svg/android/src/main/java/com/horcrux/svg/ImageView.java,com.horcrux.svg.ImageView,class,26,30,4,26,32,4,0,41,69,0.8428572,0.0,0.0,14,0,8,4,0,2,10,0,0,0,10,0,0,10,0,0,1,0,5,165,6,0,10,2,4,6,9,38,6,31,3,1,0,0,92,0,0
/home/carlos/Documentos/faculdade/LES/LAB02/repositorios_clonados/react-native-svg/android/src/main/java/com/horcrux/svg/FilterProperties.java,com.horcrux.svg.FilterProperties$Units,enum,2,2,0,2,6,1,0,4,0,0.33333334,0.0,0.0,3,1,1,0,0,2,4,0,0,0,2,1,0,2,0,0,2,0,1,20,2,1,0,0,0,3,0,2,1,2,1,0,0,0,31,0,0
/home/carlos/Documentos/faculdade/LES/LAB02/repositorios_clonados/react-native-svg/android/src/main/java/com/horcrux/svg/TextProperties.java,com.horcrux.svg.TextProperties$TextAnchor,enum,0,0,0,0,0,1,0,0,0,0.0,-1.0,-1.0,0,0,0,0,0,0,0,0,0,0,0,0,0,0,0,0,0,0,0,1,0,0,0,0,0,0,0,0,0,0,0,0,0,0,4,0,0
/home/carlos/Documentos/faculdade/LES/LAB02/repositorios_clonados/react-native-svg/android/src/main/java/com/horcrux/svg/SymbolView.java,com.horcrux.svg.SymbolView,class,9,12,3,9,10,5,0,5,24,0.77777773,0.0,0.0,9,0,7,0,0,2,9,0,0,0,6,0,0,6,0,0,0,0,1,47,0,0,1,0,2,1,2,9,6,9,1,0,0,0,38,0,0
/home/carlos/Documentos/faculdade/LES/LAB02/repositorios_clonados/react-native-svg/android/src/main/java/com/horcrux/svg/RenderableViewManager.java,com.horcrux.svg.RenderableViewManager$TextPathViewManager,innerclass,8,8,0,8,9,6,0,6,36,0.8888889,0.0,0.0,9,0,7,0,0,2,9,0,0,0,1,1,1,0,0,0,1,0,0,32,0,0,0,0,0,7,0,3,0,1,0,0,0,0,38,8,0
/home/carlos/Documentos/faculdade/LES/LAB02/repositorios_clonados/react-native-svg/android/src/paper/java/com/facebook/react/viewmanagers/RNSVGSymbolManagerInterface.java,com.facebook.react.viewmanagers.RNSVGSymbolManagerInterface,interface,5,8,3,5,35,1,0,0,595,0.0,0.0,0.0,35,0,0,0,0,35,35,0,0,0,0,0,0,0,0,0,0,0,0,37,0,0,0,0,0,0,0,0,0,0,0,0,0,0,48,1,0
/home/carlos/Documentos/faculdade/LES/LAB02/repositorios_clonados/react-native-svg/android/src/main/java/com/horcrux/svg/MarkerView.java,com.horcrux.svg.MarkerView,class,16,19,3,16,22,5,0,22,81,0.87179494,0.0,0.0,15,0,13,0,0,2,15,0,0,0,13,0,0,10,0,3,0,0,6,107,0,1,3,0,4,3,7,29,11,29,3,0,0,0,80,0,0
/home/carlos/Documentos/faculdade/LES/LAB02/repositorios_clonados/react-native-svg/android/src/main/java/com/horcrux/svg/RectView.java,com.horcrux.svg.RectView,class,12,14,2,12,15,4,0,8,16,0.75,0.0,0.0,8,0,7,0,0,1,8,0,0,0,6,0,0,6,0,0,0,0,6,81,1,0,4,0,6,1,6,22,14,13,2,0,0,0,44,0,0
/home/carlos/Documentos/faculdade/LES/LAB02/repositorios_clonados/react-native-svg/android/src/main/java/com/horcrux/svg/RenderableViewManager.java,com.horcrux.svg.RenderableViewManager$ForeignObjectManager,innerclass,6,6,0,6,5,5,0,4,10,0.8,0.0,0.0,5,0,4,0,0,1,5,0,0,0,1,1,1,0,0,0,1,0,0,19,0,0,0,0,0,5,0,2,0,1,0,0,0,0,28,8,0
/home/carlos/Documentos/faculdade/LES/LAB02/repositorios_clonados/react-native-svg/android/src/paper/java/com/facebook/react/viewmanagers/RNSVGFeOffsetManagerDelegate.java,com.facebook.react.viewmanagers.RNSVGFeOffsetManagerDelegate,class,7,8,1,7,12,2,0,9,1,0.0,0.0,0.0,2,0,2,0,0,0,2,0,0,0,0,0,0,0,0,0,0,0,0,35,0,0,2,0,0,8,0,0,0,0,1,0,0,0,21,1,0
/home/carlos/Documentos/faculdade/LES/LAB02/repositorios_clonados/react-native-svg/android/src/paper/java/com/facebook/react/viewmanagers/RNSVGLinearGradientManagerDelegate.java,com.facebook.react.viewmanagers.RNSVGLinearGradientManagerDelegate,class,8,9,1,8,33,2,0,22,1,0.0,0.0,0.0,2,0,2,0,0,0,2,0,0,0,0,0,0,0,0,0,0,0,0,68,0,0,12,0,3,19,3,0,0,0,1,0,0,0,26,1,0
/home/carlos/Documentos/faculdade/LES/LAB02/repositorios_clonados/react-native-svg/android/src/paper/java/com/facebook/react/viewmanagers/RNSVGEllipseManagerDelegate.java,com.facebook.react.viewmanagers.RNSVGEllipseManagerDelegate,class,9,10,1,9,52,2,0,33,1,0.0,0.0,0.0,2,0,2,0,0,0,2,0,0,0,0,0,0,0,0,0,0,0,0,101,0,0,20,0,10,30,10,0,0,0,1,0,0,0,27,1,0
/home/carlos/Documentos/faculdade/LES/LAB02/repositorios_clonados/react-native-svg/android/src/main/java/com/horcrux/svg/FeColorMatrixView.java,com.horcrux.svg.FeColorMatrixView,class,10,12,2,10,14,5,0,10,4,0.6,0.0,0.0,5,0,5,0,0,0,5,0,0,0,3,0,0,0,0,3,0,0,5,49,4,1,3,0,1,1,70,11,42,10,2,0,0,0,34,0,0
/home/carlos/Documentos/faculdade/LES/LAB02/repositorios_clonados/react-native-svg/android/src/main/java/com/horcrux/svg/UseView.java,com.horcrux.svg.UseView,class,13,15,2,13,20,4,0,25,12,0.6888889,0.0,0.0,9,0,6,0,0,3,9,0,0,0,5,0,0,5,0,0,0,0,4,87,7,0,5,0,3,10,5,15,7,15,1,0,0,0,64,0,0
/home/carlos/Documentos/faculdade/LES/LAB02/repositorios_clonados/react-native-svg/android/src/main/java/com/horcrux/svg/RenderableViewManager.java,com.horcrux.svg.RenderableViewManager$TextViewManagerAbstract,innerclass,8,8,0,8,14,5,0,12,91,0.0,0.0,0.0,14,0,13,0,0,1,14,0,0,0,0,0,0,0,0,0,0,0,0,44,0,0,0,0,0,12,0,0,0,0,0,0,0,0,40,8,0
/home/carlos/Documentos/faculdade/LES/LAB02/repositorios_clonados/react-native-svg/android/src/paper/java/com/facebook/react/viewmanagers/RNSVGEllipseManagerInterface.java,com.facebook.react.viewmanagers.RNSVGEllipseManagerInterface,interface,5,8,3,5,30,1,0,0,435,0.0,0.0,0.0,30,0,0,0,0,30,30,0,0,0,0,0,0,0,0,0,0,0,0,32,0,0,0,0,0,0,0,0,0,0,0,0,0,0,40,1,0
/home/carlos/Documentos/faculdade/LES/LAB02/repositorios_clonados/react-native-svg/android/src/main/java/com/horcrux/svg/SVGLength.java,com.horcrux.svg.SVGLength,class,4,28,24,4,33,1,0,19,24,0.61111116,0.0,0.0,9,6,0,1,0,8,8,0,0,0,2,0,0,0,0,2,2,0,6,136,13,3,4,0,0,12,11,41,2,20,3,0,1,0,39,0,0
/home/carlos/Documentos/faculdade/LES/LAB02/repositorios_clonados/react-native-svg/android/src/main/java/com/horcrux/svg/SvgPackage.java,com.horcrux.svg.SvgPackage$Anonymous5,anonymous,2,2,0,2,1,1,0,0,0,0.0,NaN,NaN,1,0,1,0,0,0,1,0,0,0,0,0,0,0,0,0,0,0,0,5,1,0,0,0,0,0,0,0,0,0,0,0,0,0,6,-1,0
/home/carlos/Documentos/faculdade/LES/LAB02/repositorios_clonados/react-native-svg/android/src/main/java/com/horcrux/svg/SvgPackage.java,com.horcrux.svg.SvgPackage$Anonymous6,anonymous,2,2,0,2,1,1,0,0,0,0.0,NaN,NaN,1,0,1,0,0,0,1,0,0,0,0,0,0,0,0,0,0,0,0,5,1,0,0,0,0,0,0,0,0,0,0,0,0,0,6,-1,0
/home/carlos/Documentos/faculdade/LES/LAB02/repositorios_clonados/react-native-svg/android/src/main/java/com/horcrux/svg/SvgPackage.java,com.horcrux.svg.SvgPackage$Anonymous3,anonymous,2,2,0,2,1,1,0,0,0,0.0,NaN,NaN,1,0,1,0,0,0,1,0,0,0,0,0,0,0,0,0,0,0,0,5,1,0,0,0,0,0,0,0,0,0,0,0,0,0,6,-1,0
/home/carlos/Documentos/faculdade/LES/LAB02/repositorios_clonados/react-native-svg/android/src/main/java/com/horcrux/svg/RenderableViewManager.java,com.horcrux.svg.RenderableViewManager,class,38,47,9,38,17,96,0,14,136,0.0,0.0,0.0,17,0,16,0,0,1,17,0,0,0,0,0,0,0,0,0,0,0,0,684,0,0,0,0,0,14,3,0,0,0,0,0,28,0,202,0,0
/home/carlos/Documentos/faculdade/LES/LAB02/repositorios_clonados/react-native-svg/android/src/main/java/com/horcrux/svg/SvgPackage.java,com.horcrux.svg.SvgPackage$Anonymous4,anonymous,2,2,0,2,1,1,0,0,0,0.0,NaN,NaN,1,0,1,0,0,0,1,0,0,0,0,0,0,0,0,0,0,0,0,5,1,0,0,0,0,0,0,0,0,0,0,0,0,0,6,-1,0
/home/carlos/Documentos/faculdade/LES/LAB02/repositorios_clonados/react-native-svg/android/src/main/java/com/horcrux/svg/SvgPackage.java,com.horcrux.svg.SvgPackage$Anonymous9,anonymous,2,2,0,2,1,1,0,0,0,0.0,NaN,NaN,1,0,1,0,0,0,1,0,0,0,0,0,0,0,0,0,0,0,0,5,1,0,0,0,0,0,0,0,0,0,0,0,0,0,7,-1,0
/home/carlos/Documentos/faculdade/LES/LAB02/repositorios_clonados/react-native-svg/android/src/main/java/com/horcrux/svg/RenderableViewManager.java,com.horcrux.svg.RenderableViewManager$FilterPrimitiveManager,innerclass,6,6,0,6,6,3,0,5,15,0.0,0.0,0.0,6,0,5,0,1,0,6,0,0,0,0,0,0,0,0,0,0,0,0,20,0,0,0,0,0,5,0,0,0,0,0,0,0,0,23,8,0
/home/carlos/Documentos/faculdade/LES/LAB02/repositorios_clonados/react-native-svg/android/src/main/java/com/horcrux/svg/SvgPackage.java,com.horcrux.svg.SvgPackage$Anonymous7,anonymous,2,2,0,2,1,1,0,0,0,0.0,NaN,NaN,1,0,1,0,0,0,1,0,0,0,0,0,0,0,0,0,0,0,0,5,1,0,0,0,0,0,0,0,0,0,0,0,0,0,6,-1,0
/home/carlos/Documentos/faculdade/LES/LAB02/repositorios_clonados/react-native-svg/android/src/main/java/com/horcrux/svg/SvgViewModule.java,com.horcrux.svg.SvgViewModule,class,8,13,5,8,4,3,0,3,4,0.5,0.0,0.0,4,1,2,1,0,1,3,0,0,0,1,1,1,0,0,0,1,0,1,53,1,0,0,0,0,2,1,1,0,1,0,1,0,0,28,0,0
/home/carlos/Documentos/faculdade/LES/LAB02/repositorios_clonados/react-native-svg/android/src/main/java/com/horcrux/svg/SvgPackage.java,com.horcrux.svg.SvgPackage$Anonymous8,anonymous,2,2,0,2,1,1,0,0,0,0.0,NaN,NaN,1,0,1,0,0,0,1,0,0,0,0,0,0,0,0,0,0,0,0,5,1,0,0,0,0,0,0,0,0,0,0,0,0,0,7,-1,0
/home/carlos/Documentos/faculdade/LES/LAB02/repositorios_clonados/react-native-svg/android/src/main/java/com/horcrux/svg/SvgPackage.java,com.horcrux.svg.SvgPackage$Anonymous1,anonymous,2,2,0,2,1,1,0,0,0,0.0,NaN,NaN,1,0,1,0,0,0,1,0,0,0,0,0,0,0,0,0,0,0,0,5,1,0,0,0,0,0,0,0,0,0,0,0,0,0,6,-1,0
/home/carlos/Documentos/faculdade/LES/LAB02/repositorios_clonados/react-native-svg/android/src/main/java/com/horcrux/svg/SvgPackage.java,com.horcrux.svg.SvgPackage$Anonymous2,anonymous,2,2,0,2,1,1,0,0,0,0.0,NaN,NaN,1,0,1,0,0,0,1,0,0,0,0,0,0,0,0,0,0,0,0,5,1,0,0,0,0,0,0,0,0,0,0,0,0,0,6,-1,0
/home/carlos/Documentos/faculdade/LES/LAB02/repositorios_clonados/react-native-svg/android/src/main/java/com/horcrux/svg/RenderableViewManager.java,com.horcrux.svg.RenderableViewManager$FeOffsetManager,innerclass,6,6,0,6,4,4,0,3,6,0.75,0.0,0.0,4,0,3,0,0,1,4,0,0,0,1,1,1,0,0,0,1,0,0,16,0,0,0,0,0,4,0,2,0,1,0,0,0,0,26,8,0
/home/carlos/Documentos/faculdade/LES/LAB02/repositorios_clonados/react-native-svg/android/src/paper/java/com/facebook/react/viewmanagers/RNSVGLinearGradientManagerInterface.java,com.facebook.react.viewmanagers.RNSVGLinearGradientManagerInterface,interface,4,7,3,4,19,1,0,0,171,0.0,0.0,0.0,19,0,0,0,0,19,19,0,0,0,0,0,0,0,0,0,0,0,0,21,0,0,0,0,0,0,0,0,0,0,0,0,0,0,29,1,0
/home/carlos/Documentos/faculdade/LES/LAB02/repositorios_clonados/react-native-svg/android/src/main/java/com/horcrux/svg/ViewBox.java,com.horcrux.svg.ViewBox,class,2,7,5,2,11,1,0,8,0,0.0,NaN,NaN,1,1,0,0,0,1,1,0,0,0,3,3,0,3,0,0,3,0,3,54,1,0,3,0,10,6,10,31,28,17,2,0,0,0,29,0,0
/home/carlos/Documentos/faculdade/LES/LAB02/repositorios_clonados/react-native-svg/android/src/main/java/com/horcrux/svg/TextProperties.java,com.horcrux.svg.TextProperties$AlignmentBaseline,enum,2,2,0,2,6,1,0,4,0,0.33333334,0.0,0.0,3,1,1,0,0,2,4,0,0,0,2,1,0,2,0,0,2,0,1,20,2,1,0,0,0,17,0,2,1,2,1,0,0,0,33,0,0
/home/carlos/Documentos/faculdade/LES/LAB02/repositorios_clonados/react-native-svg/android/src/main/java/com/horcrux/svg/RenderableViewManager.java,com.horcrux.svg.RenderableViewManager$MarkerManager,innerclass,6,6,0,6,13,5,0,12,78,0.9230769,0.0,0.0,13,0,12,0,0,1,13,0,0,0,1,1,1,0,0,0,1,0,0,43,0,0,0,0,0,13,0,2,0,1,0,0,0,0,39,8,0
/home/carlos/Documentos/faculdade/LES/LAB02/repositorios_clonados/react-native-svg/android/src/main/java/com/horcrux/svg/RenderableView.java,com.horcrux.svg.RenderableView,class,38,55,17,38,152,3,8,109,402,0.91118056,0.0,0.0,33,0,18,3,0,12,30,1,0,0,29,12,12,12,0,5,11,0,15,579,22,7,62,2,11,19,107,165,25,103,3,0,0,0,200,1025,0
/home/carlos/Documentos/faculdade/LES/LAB02/repositorios_clonados/react-native-svg/android/src/main/java/com/horcrux/svg/SvgView.java,com.horcrux.svg.SvgView$Events,enum,1,1,0,1,2,1,0,0,0,0.0,0.0,0.0,2,0,1,0,0,1,2,0,0,0,1,0,0,1,0,0,1,0,0,8,1,0,0,0,0,2,0,1,0,1,0,0,0,0,17,1,0
/home/carlos/Documentos/faculdade/LES/LAB02/repositorios_clonados/react-native-svg/android/src/main/java/com/horcrux/svg/PathParser.java,com.horcrux.svg.PathElement,class,2,10,8,2,1,1,0,0,0,0.0,NaN,NaN,1,0,0,0,0,1,1,0,0,0,2,0,0,0,0,2,0,0,0,8,0,0,0,0,0,0,0,2,0,2,0,0,0,0,5,0,0
/home/carlos/Documentos/faculdade/LES/LAB02/repositorios_clonados/react-native-svg/android/src/main/java/com/horcrux/svg/TextProperties.java,com.horcrux.svg.TextProperties$FontStyle,enum,0,0,0,0,0,1,0,0,0,0.0,-1.0,-1.0,0,0,0,0,0,0,0,0,0,0,0,0,0,0,0,0,0,0,0,1,0,0,0,0,0,1,0,0,0,0,0,0,0,0,4,0,0
/home/carlos/Documentos/faculdade/LES/LAB02/repositorios_clonados/react-native-svg/android/src/main/java/com/horcrux/svg/RenderableViewManager.java,com.horcrux.svg.RenderableViewManager$RadialGradientManager,innerclass,8,8,0,8,10,3,0,9,45,0.9,0.0,0.0,10,0,9,0,0,1,10,0,0,0,1,1,1,0,0,0,1,0,0,34,0,0,0,0,0,10,0,2,0,1,0,0,0,0,38,8,0
/home/carlos/Documentos/faculdade/LES/LAB02/repositorios_clonados/react-native-svg/android/src/paper/java/com/facebook/react/viewmanagers/RNSVGSvgViewAndroidManagerInterface.java,com.facebook.react.viewmanagers.RNSVGSvgViewAndroidManagerInterface,interface,4,6,2,4,49,1,0,0,1176,0.0,0.0,0.0,49,0,0,0,0,49,49,0,0,0,0,0,0,0,0,0,0,0,0,51,0,0,0,0,0,0,0,0,0,0,0,0,0,0,58,1,0
/home/carlos/Documentos/faculdade/LES/LAB02/repositorios_clonados/react-native-svg/android/src/main/java/com/horcrux/svg/RenderableViewManager.java,com.horcrux.svg.RenderableViewManager$FilterManager,innerclass,6,6,0,6,7,3,0,6,21,0.85714287,0.0,0.0,7,0,6,0,0,1,7,0,0,0,1,1,1,0,0,0,1,0,0,25,0,0,0,0,0,7,0,2,0,1,0,0,0,0,31,8,0
/home/carlos/Documentos/faculdade/LES/LAB02/repositorios_clonados/react-native-svg/android/src/main/java/com/horcrux/svg/TextProperties.java,com.horcrux.svg.TextProperties,class,0,0,0,0,0,1,0,0,0,0.0,-1.0,-1.0,0,0,0,0,0,0,0,0,0,0,0,0,0,0,0,0,0,0,0,71,0,0,0,0,0,0,0,0,0,0,0,0,12,0,83,0,0
/home/carlos/Documentos/faculdade/LES/LAB02/repositorios_clonados/react-native-svg/android/src/main/java/com/horcrux/svg/RenderableViewManager.java,com.horcrux.svg.RenderableViewManager$ImageViewManager,innerclass,8,8,0,8,9,4,0,9,36,0.8888889,0.0,0.0,9,0,8,0,0,1,9,0,0,0,1,1,1,0,0,0,1,0,0,33,1,0,0,0,0,11,0,3,0,2,0,0,0,0,46,8,0
/home/carlos/Documentos/faculdade/LES/LAB02/repositorios_clonados/react-native-svg/android/src/paper/java/com/facebook/react/viewmanagers/RNSVGSvgViewAndroidManagerDelegate.java,com.facebook.react.viewmanagers.RNSVGSvgViewAndroidManagerDelegate,class,8,9,1,8,83,2,0,55,1,0.0,0.0,0.0,2,0,2,0,0,0,2,0,0,0,0,0,0,0,0,0,0,0,0,158,0,0,32,0,23,49,23,0,0,0,1,0,0,0,27,1,0
/home/carlos/Documentos/faculdade/LES/LAB02/repositorios_clonados/react-native-svg/android/src/paper/java/com/facebook/react/viewmanagers/RNSVGTSpanManagerDelegate.java,com.facebook.react.viewmanagers.RNSVGTSpanManagerDelegate,class,9,10,1,9,66,2,0,44,1,0.0,0.0,0.0,2,0,2,0,0,0,2,0,0,0,0,0,0,0,0,0,0,0,0,134,0,0,23,0,10,41,10,0,0,0,1,0,0,0,27,1,0
/home/carlos/Documentos/faculdade/LES/LAB02/repositorios_clonados/react-native-svg/android/src/paper/java/com/facebook/react/viewmanagers/RNSVGImageManagerInterface.java,com.facebook.react.viewmanagers.RNSVGImageManagerInterface,interface,5,8,3,5,33,1,0,0,528,0.0,0.0,0.0,33,0,0,0,0,33,33,0,0,0,0,0,0,0,0,0,0,0,0,35,0,0,0,0,0,0,0,0,0,0,0,0,0,0,44,1,0
/home/carlos/Documentos/faculdade/LES/LAB02/repositorios_clonados/react-native-svg/android/src/main/java/com/horcrux/svg/GlyphContext.java,com.horcrux.svg.GlyphContext,class,10,15,5,10,47,1,0,27,62,0.8097561,0.0,0.0,20,1,0,7,0,13,13,0,0,0,41,0,0,40,0,1,19,0,10,276,15,4,18,0,0,0,36,116,7,69,3,0,0,0,147,0,0
/home/carlos/Documentos/faculdade/LES/LAB02/repositorios_clonados/react-native-svg/android/src/paper/java/com/facebook/react/viewmanagers/RNSVGMaskManagerDelegate.java,com.facebook.react.viewmanagers.RNSVGMaskManagerDelegate,class,9,10,1,9,61,2,0,39,1,0.0,0.0,0.0,2,0,2,0,0,0,2,0,0,0,0,0,0,0,0,0,0,0,0,119,0,0,23,0,13,36,13,0,0,0,1,0,0,0,27,1,0
/home/carlos/Documentos/faculdade/LES/LAB02/repositorios_clonados/react-native-svg/android/src/paper/java/com/facebook/react/viewmanagers/RNSVGMaskManagerInterface.java,com.facebook.react.viewmanagers.RNSVGMaskManagerInterface,interface,5,8,3,5,36,1,0,0,630,0.0,0.0,0.0,36,0,0,0,0,36,36,0,0,0,0,0,0,0,0,0,0,0,0,38,0,0,0,0,0,0,0,0,0,0,0,0,0,0,45,1,0
/home/carlos/Documentos/faculdade/LES/LAB02/repositorios_clonados/react-native-svg/android/src/main/java/com/horcrux/svg/LineView.java,com.horcrux.svg.LineView,class,11,13,2,11,6,4,0,7,7,0.6666667,0.0,0.0,6,0,5,0,0,1,6,0,0,0,4,0,0,4,0,0,0,0,4,38,1,0,0,0,0,1,0,10,0,9,0,0,0,0,35,0,0
/home/carlos/Documentos/faculdade/LES/LAB02/repositorios_clonados/react-native-svg/android/src/paper/java/com/horcrux/svg/NativeSvgRenderableModuleSpec.java,com.horcrux.svg.NativeSvgRenderableModuleSpec,class,11,12,1,11,10,2,1,0,45,0.9,0.0,0.0,10,0,10,0,0,0,10,8,0,0,1,1,1,0,0,0,1,0,0,17,1,0,0,0,0,1,0,1,0,1,0,0,0,0,45,1025,0
/home/carlos/Documentos/faculdade/LES/LAB02/repositorios_clonados/react-native-svg/android/src/paper/java/com/facebook/react/viewmanagers/RNSVGFeGaussianBlurManagerInterface.java,com.facebook.react.viewmanagers.RNSVGFeGaussianBlurManagerInterface,interface,3,6,3,3,9,1,0,0,36,0.0,0.0,0.0,9,0,0,0,0,9,9,0,0,0,0,0,0,0,0,0,0,0,0,11,0,0,0,0,0,0,0,0,0,0,0,0,0,0,15,1,0
/home/carlos/Documentos/faculdade/LES/LAB02/repositorios_clonados/react-native-svg/android/src/main/java/com/horcrux/svg/Brush.java,com.horcrux.svg.Brush$BrushUnits,enum,0,0,0,0,0,1,0,0,0,0.0,-1.0,-1.0,0,0,0,0,0,0,0,0,0,0,0,0,0,0,0,0,0,0,0,1,0,0,0,0,0,0,0,0,0,0,0,0,0,0,13,0,0
/home/carlos/Documentos/faculdade/LES/LAB02/repositorios_clonados/react-native-svg/android/src/main/java/com/horcrux/svg/SvgView.java,com.horcrux.svg.SvgView,class,25,47,22,25,86,2,0,64,956,0.9322917,0.0,0.0,48,0,18,4,3,23,44,0,0,1,28,0,0,26,0,2,9,0,10,356,26,4,11,0,14,1,36,83,20,64,3,0,1,0,173,1,0
/home/carlos/Documentos/faculdade/LES/LAB02/repositorios_clonados/react-native-svg/android/src/paper/java/com/facebook/react/viewmanagers/RNSVGFeColorMatrixManagerDelegate.java,com.facebook.react.viewmanagers.RNSVGFeColorMatrixManagerDelegate,class,8,9,1,8,12,2,0,9,1,0.0,0.0,0.0,2,0,2,0,0,0,2,0,0,0,0,0,0,0,0,0,0,0,0,35,0,0,2,0,0,8,0,0,0,0,1,0,0,0,24,1,0
/home/carlos/Documentos/faculdade/LES/LAB02/repositorios_clonados/react-native-svg/android/src/main/java/com/horcrux/svg/RenderableViewManager.java,com.horcrux.svg.VirtualViewManager,class,49,59,10,49,77,4,0,66,466,0.921875,0.0,0.0,32,7,19,5,5,3,27,0,0,0,10,7,0,7,3,0,9,0,15,311,34,4,7,0,3,15,160,74,15,38,2,1,3,0,209,0,0
/home/carlos/Documentos/faculdade/LES/LAB02/repositorios_clonados/react-native-svg/android/src/main/java/com/horcrux/svg/TextView.java,com.horcrux.svg.TextView,class,20,32,12,20,47,5,2,31,248,0.91666675,0.0,0.0,24,0,13,0,0,11,24,0,0,0,11,0,0,7,0,4,0,0,13,197,15,5,13,2,3,1,5,55,1,31,4,0,0,0,87,0,0
/home/carlos/Documentos/faculdade/LES/LAB02/repositorios_clonados/react-native-svg/android/src/main/java/com/horcrux/svg/RenderableViewManager.java,com.horcrux.svg.RenderableViewManager$TextViewManager,innerclass,5,5,0,5,2,6,0,0,1,0.5,0.0,0.0,2,0,0,0,0,2,2,0,0,0,1,1,1,0,0,0,1,0,0,11,0,0,0,0,0,1,0,3,0,1,0,0,0,0,18,8,0
/home/carlos/Documentos/faculdade/LES/LAB02/repositorios_clonados/react-native-svg/android/src/paper/java/com/facebook/react/viewmanagers/RNSVGDefsManagerInterface.java,com.facebook.react.viewmanagers.RNSVGDefsManagerInterface,interface,3,6,3,3,12,1,0,0,66,0.0,0.0,0.0,12,0,0,0,0,12,12,0,0,0,0,0,0,0,0,0,0,0,0,14,0,0,0,0,0,0,0,0,0,0,0,0,0,0,21,1,0
