file,class,method,constructor,line,cbo,cboModified,fanin,fanout,wmc,rfc,loc,returnsQty,variablesQty,parametersQty,methodsInvokedQty,methodsInvokedLocalQty,methodsInvokedIndirectLocalQty,loopQty,comparisonsQty,tryCatchQty,parenthesizedExpsQty,stringLiteralsQty,numbersQty,assignmentsQty,mathOperationsQty,maxNestedBlocksQty,anonymousClassesQty,innerClassesQty,lambdasQty,uniqueWordsQty,modifiers,logStatementsQty,hasJavaDoc
/home/carlos/Documentos/faculdade/LES/LAB02/repositorios_clonados/thingsboard/netty-mqtt/src/main/java/org/thingsboard/mqtt/MqttPendingUnsubscription.java,org.thingsboard.mqtt.MqttPendingUnsubscription,getFuture/0,false,39,1,1,1,0,1,0,3,1,0,0,0,0,0,0,0,0,0,0,0,0,0,0,0,0,0,3,0,0,false
/home/carlos/Documentos/faculdade/LES/LAB02/repositorios_clonados/thingsboard/netty-mqtt/src/main/java/org/thingsboard/mqtt/MqttPendingUnsubscription.java,org.thingsboard.mqtt.MqttPendingUnsubscription,getTopic/0,false,43,0,1,1,0,1,0,3,1,0,0,0,0,0,0,0,0,0,0,0,0,0,0,0,0,0,3,0,0,false
/home/carlos/Documentos/faculdade/LES/LAB02/repositorios_clonados/thingsboard/netty-mqtt/src/main/java/org/thingsboard/mqtt/MqttPendingUnsubscription.java,org.thingsboard.mqtt.MqttPendingUnsubscription,onUnsubackReceived/0,false,53,0,1,1,0,1,1,3,0,0,0,1,0,0,0,0,0,0,0,0,0,0,0,0,0,0,3,0,0,false
/home/carlos/Documentos/faculdade/LES/LAB02/repositorios_clonados/thingsboard/netty-mqtt/src/main/java/org/thingsboard/mqtt/MqttPendingUnsubscription.java,org.thingsboard.mqtt.MqttPendingUnsubscription,"MqttPendingUnsubscription/4[org.thingsboard.mqtt.Promise<java.lang.Void>,java.lang.String,org.thingsboard.mqtt.MqttUnsubscribeMessage,org.thingsboard.mqtt.PendingOperation]",true,31,4,1,1,0,1,1,6,0,0,4,1,0,0,0,0,0,0,0,0,3,0,0,0,0,0,8,0,0,false
/home/carlos/Documentos/faculdade/LES/LAB02/repositorios_clonados/thingsboard/netty-mqtt/src/main/java/org/thingsboard/mqtt/MqttPendingUnsubscription.java,org.thingsboard.mqtt.MqttPendingUnsubscription,"startRetransmissionTimer/2[org.thingsboard.mqtt.EventLoop,java.util.function.Consumer<java.lang.Object>]",false,47,2,1,1,0,1,5,4,0,2,2,5,0,0,0,0,0,0,0,0,0,0,0,0,0,1,11,0,0,false
/home/carlos/Documentos/faculdade/LES/LAB02/repositorios_clonados/thingsboard/netty-mqtt/src/main/java/org/thingsboard/mqtt/MqttPendingUnsubscription.java,org.thingsboard.mqtt.MqttPendingUnsubscription,onChannelClosed/0,false,57,0,0,0,0,1,1,3,0,0,0,1,0,0,0,0,0,0,0,0,0,0,0,0,0,0,3,0,0,false
/home/carlos/Documentos/faculdade/LES/LAB02/repositorios_clonados/thingsboard/netty-mqtt/src/main/java/org/thingsboard/mqtt/RetransmissionHandler.java,org.thingsboard.mqtt.RetransmissionHandler,"setHandle/1[java.util.function.BiConsumer<org.thingsboard.mqtt.MqttFixedHeader,T>]",false,76,2,0,0,0,1,0,3,0,0,1,0,0,0,0,0,0,0,0,0,1,0,0,0,0,0,3,0,0,false
/home/carlos/Documentos/faculdade/LES/LAB02/repositorios_clonados/thingsboard/netty-mqtt/src/main/java/org/thingsboard/mqtt/RetransmissionHandler.java,org.thingsboard.mqtt.RetransmissionHandler,startTimer/1[org.thingsboard.mqtt.EventLoop],false,50,3,1,0,1,7,11,19,2,2,1,11,0,0,0,2,0,0,0,1,5,0,2,0,0,1,13,2,0,false
/home/carlos/Documentos/faculdade/LES/LAB02/repositorios_clonados/thingsboard/netty-mqtt/src/main/java/org/thingsboard/mqtt/RetransmissionHandler.java,org.thingsboard.mqtt.RetransmissionHandler,setOriginalMessage/1[T],false,80,1,0,0,0,1,0,3,0,0,1,0,0,0,0,0,0,0,0,0,1,0,0,0,0,0,5,0,0,false
/home/carlos/Documentos/faculdade/LES/LAB02/repositorios_clonados/thingsboard/netty-mqtt/src/main/java/org/thingsboard/mqtt/RetransmissionHandler.java,org.thingsboard.mqtt.RetransmissionHandler,start/1[org.thingsboard.mqtt.EventLoop],false,39,2,1,0,1,3,1,10,0,0,1,1,0,0,0,2,0,0,2,1,1,0,1,0,0,0,8,0,0,false
/home/carlos/Documentos/faculdade/LES/LAB02/repositorios_clonados/thingsboard/netty-mqtt/src/main/java/org/thingsboard/mqtt/RetransmissionHandler.java,org.thingsboard.mqtt.RetransmissionHandler,stop/0,false,69,0,0,0,0,2,1,6,0,0,0,1,0,0,0,1,0,0,0,0,1,0,1,0,0,0,4,0,0,false
/home/carlos/Documentos/faculdade/LES/LAB02/repositorios_clonados/thingsboard/netty-mqtt/src/main/java/org/thingsboard/mqtt/MqttClientImpl.java,org.thingsboard.mqtt.MqttClientImpl,getQos2PendingIncomingPublishes/0,false,560,1,2,2,0,1,0,3,1,0,0,0,0,0,0,0,0,0,0,0,0,0,0,0,0,0,6,0,0,false
/home/carlos/Documentos/faculdade/LES/LAB02/repositorios_clonados/thingsboard/netty-mqtt/src/main/java/org/thingsboard/mqtt/MqttClientImpl.java,org.thingsboard.mqtt.MqttClientImpl,getEventLoop/0,false,218,1,1,1,0,1,0,3,1,0,0,0,0,0,0,0,0,0,0,0,0,0,0,0,0,0,14,1,0,true
/home/carlos/Documentos/faculdade/LES/LAB02/repositorios_clonados/thingsboard/netty-mqtt/src/main/java/org/thingsboard/mqtt/MqttClientImpl.java,org.thingsboard.mqtt.MqttClientImpl,"publish/4[java.lang.String,org.thingsboard.mqtt.ByteBuf,org.thingsboard.mqtt.MqttQoS,boolean]",false,381,11,7,3,4,7,23,36,1,7,4,23,2,1,0,4,0,0,2,1,6,0,4,0,0,2,49,1,1,true
/home/carlos/Documentos/faculdade/LES/LAB02/repositorios_clonados/thingsboard/netty-mqtt/src/main/java/org/thingsboard/mqtt/MqttClientImpl.java,org.thingsboard.mqtt.MqttClientImpl,disconnect/0,false,426,4,1,0,1,4,6,14,0,2,0,6,1,1,0,2,0,0,2,2,3,0,3,0,0,1,14,1,1,false
/home/carlos/Documentos/faculdade/LES/LAB02/repositorios_clonados/thingsboard/netty-mqtt/src/main/java/org/thingsboard/mqtt/MqttClientImpl.java,org.thingsboard.mqtt.MqttClientImpl,getClientConfig/0,false,421,1,3,3,0,1,0,3,1,0,0,0,0,0,0,0,0,0,0,0,0,0,0,0,0,0,12,1,0,true
/home/carlos/Documentos/faculdade/LES/LAB02/repositorios_clonados/thingsboard/netty-mqtt/src/main/java/org/thingsboard/mqtt/MqttClientImpl.java,org.thingsboard.mqtt.MqttClientImpl,reconnect/0,false,204,3,1,0,1,3,3,7,1,0,0,3,1,2,0,2,0,0,3,0,0,0,1,0,0,0,12,1,1,false
/home/carlos/Documentos/faculdade/LES/LAB02/repositorios_clonados/thingsboard/netty-mqtt/src/main/java/org/thingsboard/mqtt/MqttClientImpl.java,org.thingsboard.mqtt.MqttClientImpl,"on/2[java.lang.String,org.thingsboard.mqtt.MqttHandler]",false,247,3,1,0,1,1,1,3,1,0,2,1,1,3,0,0,0,0,0,0,0,0,0,0,0,0,32,1,0,true
/home/carlos/Documentos/faculdade/LES/LAB02/repositorios_clonados/thingsboard/netty-mqtt/src/main/java/org/thingsboard/mqtt/MqttClientImpl.java,org.thingsboard.mqtt.MqttClientImpl,"publish/3[java.lang.String,org.thingsboard.mqtt.ByteBuf,boolean]",false,367,3,1,0,1,1,1,3,1,0,3,1,1,2,0,0,0,0,0,0,0,0,0,0,0,0,33,1,0,true
/home/carlos/Documentos/faculdade/LES/LAB02/repositorios_clonados/thingsboard/netty-mqtt/src/main/java/org/thingsboard/mqtt/MqttClientImpl.java,org.thingsboard.mqtt.MqttClientImpl,setCallback/1[org.thingsboard.mqtt.MqttClientCallback],false,441,1,0,0,0,1,0,3,0,0,1,0,0,0,0,0,0,0,0,0,1,0,0,0,0,0,5,1,0,false
/home/carlos/Documentos/faculdade/LES/LAB02/repositorios_clonados/thingsboard/netty-mqtt/src/main/java/org/thingsboard/mqtt/MqttClientImpl.java,org.thingsboard.mqtt.MqttClientImpl,"off/2[java.lang.String,org.thingsboard.mqtt.MqttHandler]",false,300,5,1,0,1,3,7,10,1,1,2,7,1,2,1,1,0,0,2,0,1,0,1,0,0,0,34,1,1,true
/home/carlos/Documentos/faculdade/LES/LAB02/repositorios_clonados/thingsboard/netty-mqtt/src/main/java/org/thingsboard/mqtt/MqttClientImpl.java,org.thingsboard.mqtt.MqttClientImpl,onSuccessfulReconnect/0,false,452,1,2,1,1,2,1,5,0,0,0,1,0,0,0,1,0,0,0,0,0,0,1,0,0,0,5,1,0,false
/home/carlos/Documentos/faculdade/LES/LAB02/repositorios_clonados/thingsboard/netty-mqtt/src/main/java/org/thingsboard/mqtt/MqttClientImpl.java,org.thingsboard.mqtt.MqttClientImpl,getHandlerToSubscription/0,false,544,3,1,1,0,1,0,3,1,0,0,0,0,0,0,0,0,0,0,0,0,0,0,0,0,0,5,0,0,false
/home/carlos/Documentos/faculdade/LES/LAB02/repositorios_clonados/thingsboard/netty-mqtt/src/main/java/org/thingsboard/mqtt/MqttClientImpl.java,org.thingsboard.mqtt.MqttClientImpl,"connect/3[java.lang.String,int,boolean]",false,139,10,5,2,3,6,20,50,2,12,3,20,0,0,0,3,0,0,6,0,8,0,4,0,0,5,35,2,4,false
/home/carlos/Documentos/faculdade/LES/LAB02/repositorios_clonados/thingsboard/netty-mqtt/src/main/java/org/thingsboard/mqtt/MqttClientImpl.java,org.thingsboard.mqtt.MqttClientImpl,sendAndFlushPacket/1[java.lang.Object],false,459,2,5,4,1,4,5,10,3,0,1,5,0,0,0,2,0,0,3,0,0,0,1,0,0,0,14,0,1,false
/home/carlos/Documentos/faculdade/LES/LAB02/repositorios_clonados/thingsboard/netty-mqtt/src/main/java/org/thingsboard/mqtt/MqttClientImpl.java,org.thingsboard.mqtt.MqttClientImpl,"publish/2[java.lang.String,org.thingsboard.mqtt.ByteBuf]",false,341,3,1,0,1,1,1,3,1,0,2,1,1,2,0,0,0,0,0,0,0,0,0,0,0,0,24,1,0,true
/home/carlos/Documentos/faculdade/LES/LAB02/repositorios_clonados/thingsboard/netty-mqtt/src/main/java/org/thingsboard/mqtt/MqttClientImpl.java,org.thingsboard.mqtt.MqttClientImpl,getHandlerExecutor/0,false,235,1,1,1,0,1,0,3,1,0,0,0,0,0,0,0,0,0,0,0,0,0,0,0,0,0,4,1,0,false
/home/carlos/Documentos/faculdade/LES/LAB02/repositorios_clonados/thingsboard/netty-mqtt/src/main/java/org/thingsboard/mqtt/MqttClientImpl.java,org.thingsboard.mqtt.MqttClientImpl,getServerSubscriptions/0,false,548,0,2,2,0,1,0,3,1,0,0,0,0,0,0,0,0,0,0,0,0,0,0,0,0,0,4,0,0,false
/home/carlos/Documentos/faculdade/LES/LAB02/repositorios_clonados/thingsboard/netty-mqtt/src/main/java/org/thingsboard/mqtt/MqttClientImpl.java,org.thingsboard.mqtt.MqttClientImpl,getPendingPublishes/0,false,556,1,4,4,0,1,0,3,1,0,0,0,0,0,0,0,0,0,0,0,0,0,0,0,0,0,4,0,0,false
/home/carlos/Documentos/faculdade/LES/LAB02/repositorios_clonados/thingsboard/netty-mqtt/src/main/java/org/thingsboard/mqtt/MqttClientImpl.java,org.thingsboard.mqtt.MqttClientImpl,connect/1[java.lang.String],false,123,3,1,0,1,1,1,3,1,0,1,1,1,2,0,0,0,0,0,1,0,0,0,0,0,0,37,1,0,true
/home/carlos/Documentos/faculdade/LES/LAB02/repositorios_clonados/thingsboard/netty-mqtt/src/main/java/org/thingsboard/mqtt/MqttClientImpl.java,org.thingsboard.mqtt.MqttClientImpl,"publish/3[java.lang.String,org.thingsboard.mqtt.ByteBuf,org.thingsboard.mqtt.MqttQoS]",false,354,4,1,0,1,1,1,3,1,0,3,1,1,2,0,0,0,0,0,0,0,0,0,0,0,0,25,1,0,true
/home/carlos/Documentos/faculdade/LES/LAB02/repositorios_clonados/thingsboard/netty-mqtt/src/main/java/org/thingsboard/mqtt/MqttClientImpl.java,org.thingsboard.mqtt.MqttClientImpl,"once/3[java.lang.String,org.thingsboard.mqtt.MqttHandler,org.thingsboard.mqtt.MqttQoS]",false,287,4,2,1,1,1,1,3,1,0,3,1,1,2,0,0,0,0,0,0,0,0,0,0,0,0,44,1,0,true
/home/carlos/Documentos/faculdade/LES/LAB02/repositorios_clonados/thingsboard/netty-mqtt/src/main/java/org/thingsboard/mqtt/MqttClientImpl.java,org.thingsboard.mqtt.MqttClientImpl,isConnected/0,false,199,0,0,0,0,2,1,3,1,0,0,1,0,0,0,1,0,0,0,0,0,0,0,0,0,0,5,1,0,false
/home/carlos/Documentos/faculdade/LES/LAB02/repositorios_clonados/thingsboard/netty-mqtt/src/main/java/org/thingsboard/mqtt/MqttClientImpl.java,org.thingsboard.mqtt.MqttClientImpl,"scheduleConnectIfRequired/3[java.lang.String,int,boolean]",false,188,2,3,0,3,5,6,9,0,0,3,6,1,1,0,1,0,0,2,0,1,0,2,0,0,1,14,2,1,false
/home/carlos/Documentos/faculdade/LES/LAB02/repositorios_clonados/thingsboard/netty-mqtt/src/main/java/org/thingsboard/mqtt/MqttClientImpl.java,org.thingsboard.mqtt.MqttClientImpl,getNewMessageId/0,false,470,1,3,3,0,1,3,8,1,1,0,3,0,0,0,0,0,0,0,2,1,0,1,0,0,0,8,2,0,false
/home/carlos/Documentos/faculdade/LES/LAB02/repositorios_clonados/thingsboard/netty-mqtt/src/main/java/org/thingsboard/mqtt/MqttClientImpl.java,org.thingsboard.mqtt.MqttClientImpl,getDefaultHandler/0,false,593,1,0,0,0,1,0,3,1,0,0,0,0,0,0,0,0,0,0,0,0,0,0,0,0,0,5,0,0,false
/home/carlos/Documentos/faculdade/LES/LAB02/repositorios_clonados/thingsboard/netty-mqtt/src/main/java/org/thingsboard/mqtt/MqttClientImpl.java,org.thingsboard.mqtt.MqttClientImpl,"createSubscription/4[java.lang.String,org.thingsboard.mqtt.MqttHandler,boolean,org.thingsboard.mqtt.MqttQoS]",false,479,13,11,2,9,6,26,29,3,10,4,26,2,1,0,2,0,0,2,1,9,0,2,0,0,2,28,2,1,false
/home/carlos/Documentos/faculdade/LES/LAB02/repositorios_clonados/thingsboard/netty-mqtt/src/main/java/org/thingsboard/mqtt/MqttClientImpl.java,org.thingsboard.mqtt.MqttClientImpl,isReconnect/0,false,448,0,1,1,0,1,0,3,1,0,0,0,0,0,0,0,0,0,0,0,0,0,0,0,0,0,3,1,0,false
/home/carlos/Documentos/faculdade/LES/LAB02/repositorios_clonados/thingsboard/netty-mqtt/src/main/java/org/thingsboard/mqtt/MqttClientImpl.java,org.thingsboard.mqtt.MqttClientImpl,getPendingSubscribeTopics/0,false,540,0,1,1,0,1,0,3,1,0,0,0,0,0,0,0,0,0,0,0,0,0,0,0,0,0,5,0,0,false
/home/carlos/Documentos/faculdade/LES/LAB02/repositorios_clonados/thingsboard/netty-mqtt/src/main/java/org/thingsboard/mqtt/MqttClientImpl.java,org.thingsboard.mqtt.MqttClientImpl,"once/2[java.lang.String,org.thingsboard.mqtt.MqttHandler]",false,273,3,1,0,1,1,1,3,1,0,2,1,1,3,0,0,0,0,0,0,0,0,0,0,0,0,40,1,0,true
/home/carlos/Documentos/faculdade/LES/LAB02/repositorios_clonados/thingsboard/netty-mqtt/src/main/java/org/thingsboard/mqtt/MqttClientImpl.java,org.thingsboard.mqtt.MqttClientImpl,"checkSubscriptions/2[java.lang.String,org.thingsboard.mqtt.Promise<java.lang.Void>]",false,514,7,6,2,4,4,12,15,0,5,2,12,2,1,0,1,0,1,0,2,5,0,1,0,0,1,22,2,0,false
/home/carlos/Documentos/faculdade/LES/LAB02/repositorios_clonados/thingsboard/netty-mqtt/src/main/java/org/thingsboard/mqtt/MqttClientImpl.java,org.thingsboard.mqtt.MqttClientImpl,off/1[java.lang.String],false,319,6,2,0,2,4,8,13,1,2,1,8,1,2,2,1,0,0,2,0,2,0,2,0,0,0,35,1,1,true
/home/carlos/Documentos/faculdade/LES/LAB02/repositorios_clonados/thingsboard/netty-mqtt/src/main/java/org/thingsboard/mqtt/MqttClientImpl.java,org.thingsboard.mqtt.MqttClientImpl,"MqttClientImpl/3[org.thingsboard.mqtt.MqttClientConfig,org.thingsboard.mqtt.MqttHandler,org.thingsboard.mqtt.ListeningExecutor]",true,109,3,1,1,0,1,0,5,0,0,3,0,0,0,0,0,0,0,0,0,3,0,0,0,0,0,27,1,0,true
/home/carlos/Documentos/faculdade/LES/LAB02/repositorios_clonados/thingsboard/netty-mqtt/src/main/java/org/thingsboard/mqtt/MqttClientImpl.java,org.thingsboard.mqtt.MqttClientImpl,"on/3[java.lang.String,org.thingsboard.mqtt.MqttHandler,org.thingsboard.mqtt.MqttQoS]",false,260,4,2,1,1,1,1,3,1,0,3,1,1,2,0,0,0,0,0,0,0,0,0,0,0,0,36,1,0,true
/home/carlos/Documentos/faculdade/LES/LAB02/repositorios_clonados/thingsboard/netty-mqtt/src/main/java/org/thingsboard/mqtt/MqttClientImpl.java,org.thingsboard.mqtt.MqttClientImpl,"connect/2[java.lang.String,int]",false,135,3,3,2,1,1,1,3,1,0,2,1,1,1,0,0,0,0,0,0,0,0,0,0,0,0,32,1,0,true
/home/carlos/Documentos/faculdade/LES/LAB02/repositorios_clonados/thingsboard/netty-mqtt/src/main/java/org/thingsboard/mqtt/MqttClientImpl.java,org.thingsboard.mqtt.MqttClientImpl,"MqttClientImpl/2[org.thingsboard.mqtt.MqttHandler,org.thingsboard.mqtt.ListeningExecutor]",true,99,3,1,0,1,1,0,3,0,0,2,0,0,0,0,0,0,0,0,0,0,0,0,0,0,0,11,1,0,true
/home/carlos/Documentos/faculdade/LES/LAB02/repositorios_clonados/thingsboard/netty-mqtt/src/main/java/org/thingsboard/mqtt/MqttClientImpl.java,org.thingsboard.mqtt.MqttClientImpl,getPendingServerUnsubscribes/0,false,552,1,1,1,0,1,0,3,1,0,0,0,0,0,0,0,0,0,0,0,0,0,0,0,0,0,5,0,0,false
/home/carlos/Documentos/faculdade/LES/LAB02/repositorios_clonados/thingsboard/netty-mqtt/src/main/java/org/thingsboard/mqtt/MqttClientImpl.java,org.thingsboard.mqtt.MqttClientImpl,getPendingSubscriptions/0,false,532,1,2,2,0,1,0,3,1,0,0,0,0,0,0,0,0,0,0,0,0,0,0,0,0,0,4,0,0,false
/home/carlos/Documentos/faculdade/LES/LAB02/repositorios_clonados/thingsboard/netty-mqtt/src/main/java/org/thingsboard/mqtt/MqttClientImpl.java,org.thingsboard.mqtt.MqttClientImpl,setEventLoop/1[org.thingsboard.mqtt.EventLoopGroup],false,230,1,0,0,0,1,0,3,0,0,1,0,0,0,0,0,0,0,0,0,1,0,0,0,0,0,31,1,0,true
/home/carlos/Documentos/faculdade/LES/LAB02/repositorios_clonados/thingsboard/netty-mqtt/src/main/java/org/thingsboard/mqtt/MqttClientImpl.java,org.thingsboard.mqtt.MqttClientImpl,getSubscriptions/0,false,536,2,2,2,0,1,0,3,1,0,0,0,0,0,0,0,0,0,0,0,0,0,0,0,0,0,3,0,0,false
/home/carlos/Documentos/faculdade/LES/LAB02/repositorios_clonados/thingsboard/netty-mqtt/src/main/java/org/thingsboard/mqtt/MqttPendingSubscription.java,org.thingsboard.mqtt.MqttPendingSubscription$MqttPendingHandler,"MqttPendingHandler/2[org.thingsboard.mqtt.MqttHandler,boolean]",true,90,1,1,1,0,1,0,4,0,0,2,0,0,0,0,0,0,0,0,0,2,0,0,0,0,0,5,0,0,false
/home/carlos/Documentos/faculdade/LES/LAB02/repositorios_clonados/thingsboard/netty-mqtt/src/main/java/org/thingsboard/mqtt/MqttPendingSubscription.java,org.thingsboard.mqtt.MqttPendingSubscription$MqttPendingHandler,isOnce/0,false,99,0,1,1,0,1,0,3,1,0,0,0,0,0,0,0,0,0,0,0,0,0,0,0,0,0,3,0,0,false
/home/carlos/Documentos/faculdade/LES/LAB02/repositorios_clonados/thingsboard/netty-mqtt/src/main/java/org/thingsboard/mqtt/MqttPendingSubscription.java,org.thingsboard.mqtt.MqttPendingSubscription$MqttPendingHandler,getHandler/0,false,95,1,1,1,0,1,0,3,1,0,0,0,0,0,0,0,0,0,0,0,0,0,0,0,0,0,4,0,0,false
/home/carlos/Documentos/faculdade/LES/LAB02/repositorios_clonados/thingsboard/netty-mqtt/src/test/java/org/thingsboard/mqtt/MqttPingHandlerTest.java,org.thingsboard.mqtt.MqttPingHandlerTest,givenChannelReaderIdleState_whenNoPingResponse_thenDisconnectClient/0,false,49,6,1,0,1,1,13,10,0,3,0,13,0,0,0,0,0,0,0,0,3,1,0,0,0,0,42,0,0,false
/home/carlos/Documentos/faculdade/LES/LAB02/repositorios_clonados/thingsboard/netty-mqtt/src/test/java/org/thingsboard/mqtt/MqttPingHandlerTest.java,org.thingsboard.mqtt.MqttPingHandlerTest,setUp/0,false,44,2,1,0,1,1,0,3,0,0,0,0,0,0,0,0,0,0,0,0,1,0,0,0,0,0,19,0,0,false
/home/carlos/Documentos/faculdade/LES/LAB02/repositorios_clonados/thingsboard/netty-mqtt/src/main/java/org/thingsboard/mqtt/MqttPingHandler.java,org.thingsboard.mqtt.MqttPingHandler,MqttPingHandler/1[int],true,40,0,2,2,0,1,0,3,0,0,1,0,0,0,0,0,0,0,0,0,1,0,0,0,0,0,5,0,0,false
/home/carlos/Documentos/faculdade/LES/LAB02/repositorios_clonados/thingsboard/netty-mqtt/src/main/java/org/thingsboard/mqtt/MqttPingHandler.java,org.thingsboard.mqtt.MqttPingHandler,"channelRead/2[org.thingsboard.mqtt.ChannelHandlerContext,java.lang.Object]",false,45,3,2,0,2,4,7,16,1,1,2,7,2,1,0,2,0,1,0,0,1,0,1,0,0,0,10,1,0,false
/home/carlos/Documentos/faculdade/LES/LAB02/repositorios_clonados/thingsboard/netty-mqtt/src/main/java/org/thingsboard/mqtt/MqttPingHandler.java,org.thingsboard.mqtt.MqttPingHandler,"userEventTriggered/2[org.thingsboard.mqtt.ChannelHandlerContext,java.lang.Object]",false,61,3,2,1,1,4,6,16,0,1,2,6,1,1,0,0,0,0,2,0,1,0,2,0,0,0,19,1,2,false
/home/carlos/Documentos/faculdade/LES/LAB02/repositorios_clonados/thingsboard/netty-mqtt/src/main/java/org/thingsboard/mqtt/MqttPingHandler.java,org.thingsboard.mqtt.MqttPingHandler,handlePingResp/1[org.thingsboard.mqtt.Channel],false,99,1,1,1,0,4,5,7,0,0,1,5,0,0,0,1,0,0,1,0,1,0,1,0,0,0,9,2,1,false
/home/carlos/Documentos/faculdade/LES/LAB02/repositorios_clonados/thingsboard/netty-mqtt/src/main/java/org/thingsboard/mqtt/MqttPingHandler.java,org.thingsboard.mqtt.MqttPingHandler,handlePingReq/1[org.thingsboard.mqtt.Channel],false,93,3,1,1,0,1,3,5,0,1,1,3,0,0,0,0,0,0,1,1,1,0,0,0,0,0,12,2,1,false
/home/carlos/Documentos/faculdade/LES/LAB02/repositorios_clonados/thingsboard/netty-mqtt/src/main/java/org/thingsboard/mqtt/MqttPingHandler.java,org.thingsboard.mqtt.MqttPingHandler,sendPingReq/1[org.thingsboard.mqtt.Channel],false,79,3,1,1,0,2,6,12,0,2,1,6,0,0,0,1,0,0,1,2,3,0,2,0,0,1,14,2,1,false
/home/carlos/Documentos/faculdade/LES/LAB02/repositorios_clonados/thingsboard/netty-mqtt/src/test/java/org/thingsboard/mqtt/integration/server/MqttServer.java,org.thingsboard.mqtt.integration.server.MqttServer,init/0,false,48,4,1,1,0,1,7,19,0,1,0,7,0,0,0,0,0,0,2,0,4,0,0,1,0,0,34,1,2,false
/home/carlos/Documentos/faculdade/LES/LAB02/repositorios_clonados/thingsboard/netty-mqtt/src/test/java/org/thingsboard/mqtt/integration/server/MqttServer.java,org.thingsboard.mqtt.integration.server.MqttServer,shutdown/0,false,74,0,1,1,0,1,4,11,0,0,0,4,0,0,0,0,1,0,2,0,0,0,1,0,0,0,8,1,2,false
/home/carlos/Documentos/faculdade/LES/LAB02/repositorios_clonados/thingsboard/netty-mqtt/src/main/java/org/thingsboard/mqtt/MqttClient.java,org.thingsboard.mqtt.MqttClient,"on/3[java.lang.String,org.thingsboard.mqtt.MqttHandler,org.thingsboard.mqtt.MqttQoS]",false,87,3,0,0,0,1,0,1,0,0,3,0,0,0,0,0,0,0,0,0,0,0,0,0,0,0,34,0,0,true
/home/carlos/Documentos/faculdade/LES/LAB02/repositorios_clonados/thingsboard/netty-mqtt/src/main/java/org/thingsboard/mqtt/MqttClient.java,org.thingsboard.mqtt.MqttClient,getClientConfig/0,false,173,1,0,0,0,1,0,1,0,0,0,0,0,0,0,0,0,0,0,0,0,0,0,0,0,0,11,0,0,true
/home/carlos/Documentos/faculdade/LES/LAB02/repositorios_clonados/thingsboard/netty-mqtt/src/main/java/org/thingsboard/mqtt/MqttClient.java,org.thingsboard.mqtt.MqttClient,setEventLoop/1[org.thingsboard.mqtt.EventLoopGroup],false,67,1,1,1,0,1,0,1,0,0,1,0,0,0,0,0,0,0,0,0,0,0,0,0,0,0,31,0,0,true
/home/carlos/Documentos/faculdade/LES/LAB02/repositorios_clonados/thingsboard/netty-mqtt/src/main/java/org/thingsboard/mqtt/MqttClient.java,org.thingsboard.mqtt.MqttClient,"on/2[java.lang.String,org.thingsboard.mqtt.MqttHandler]",false,78,2,0,0,0,1,0,1,0,0,2,0,0,0,0,0,0,0,0,0,0,0,0,0,0,0,32,0,0,true
/home/carlos/Documentos/faculdade/LES/LAB02/repositorios_clonados/thingsboard/netty-mqtt/src/main/java/org/thingsboard/mqtt/MqttClient.java,org.thingsboard.mqtt.MqttClient,getEventLoop/0,false,61,1,0,0,0,1,0,1,0,0,0,0,0,0,0,0,0,0,0,0,0,0,0,0,0,0,13,0,0,true
/home/carlos/Documentos/faculdade/LES/LAB02/repositorios_clonados/thingsboard/netty-mqtt/src/main/java/org/thingsboard/mqtt/MqttClient.java,org.thingsboard.mqtt.MqttClient,reconnect/0,false,53,2,0,0,0,1,0,1,0,0,0,0,0,0,0,0,0,0,0,0,0,0,0,0,0,0,36,0,0,true
/home/carlos/Documentos/faculdade/LES/LAB02/repositorios_clonados/thingsboard/netty-mqtt/src/main/java/org/thingsboard/mqtt/MqttClient.java,org.thingsboard.mqtt.MqttClient,disconnect/0,false,191,0,2,2,0,1,0,1,0,0,0,0,0,0,0,0,0,0,0,0,0,0,0,0,0,0,5,0,0,true
/home/carlos/Documentos/faculdade/LES/LAB02/repositorios_clonados/thingsboard/netty-mqtt/src/main/java/org/thingsboard/mqtt/MqttClient.java,org.thingsboard.mqtt.MqttClient,"create/3[org.thingsboard.mqtt.MqttClientConfig,org.thingsboard.mqtt.MqttHandler,org.thingsboard.mqtt.ListeningExecutor]",false,187,5,2,1,1,1,0,3,1,0,3,0,0,0,0,0,0,0,0,0,0,0,0,0,0,0,35,8,0,true
/home/carlos/Documentos/faculdade/LES/LAB02/repositorios_clonados/thingsboard/netty-mqtt/src/main/java/org/thingsboard/mqtt/MqttClient.java,org.thingsboard.mqtt.MqttClient,isConnected/0,false,47,0,0,0,0,1,0,1,0,0,0,0,0,0,0,0,0,0,0,0,0,0,0,0,0,0,6,0,0,true
/home/carlos/Documentos/faculdade/LES/LAB02/repositorios_clonados/thingsboard/netty-mqtt/src/main/java/org/thingsboard/mqtt/MqttClient.java,org.thingsboard.mqtt.MqttClient,off/1[java.lang.String],false,128,1,0,0,0,1,0,1,0,0,1,0,0,0,0,0,0,0,0,0,0,0,0,0,0,0,27,0,0,true
/home/carlos/Documentos/faculdade/LES/LAB02/repositorios_clonados/thingsboard/netty-mqtt/src/main/java/org/thingsboard/mqtt/MqttClient.java,org.thingsboard.mqtt.MqttClient,"publish/3[java.lang.String,org.thingsboard.mqtt.ByteBuf,org.thingsboard.mqtt.MqttQoS]",false,145,3,1,1,0,1,0,1,0,0,3,0,0,0,0,0,0,0,0,0,0,0,0,0,0,0,25,0,0,true
/home/carlos/Documentos/faculdade/LES/LAB02/repositorios_clonados/thingsboard/netty-mqtt/src/main/java/org/thingsboard/mqtt/MqttClient.java,org.thingsboard.mqtt.MqttClient,"publish/2[java.lang.String,org.thingsboard.mqtt.ByteBuf]",false,137,2,0,0,0,1,0,1,0,0,2,0,0,0,0,0,0,0,0,0,0,0,0,0,0,0,24,0,0,true
/home/carlos/Documentos/faculdade/LES/LAB02/repositorios_clonados/thingsboard/netty-mqtt/src/main/java/org/thingsboard/mqtt/MqttClient.java,org.thingsboard.mqtt.MqttClient,connect/1[java.lang.String],false,29,2,0,0,0,1,0,1,0,0,1,0,0,0,0,0,0,0,0,0,0,0,0,0,0,0,37,0,0,true
/home/carlos/Documentos/faculdade/LES/LAB02/repositorios_clonados/thingsboard/netty-mqtt/src/main/java/org/thingsboard/mqtt/MqttClient.java,org.thingsboard.mqtt.MqttClient,"publish/3[java.lang.String,org.thingsboard.mqtt.ByteBuf,boolean]",false,154,2,0,0,0,1,0,1,0,0,3,0,0,0,0,0,0,0,0,0,0,0,0,0,0,0,33,0,0,true
/home/carlos/Documentos/faculdade/LES/LAB02/repositorios_clonados/thingsboard/netty-mqtt/src/main/java/org/thingsboard/mqtt/MqttClient.java,org.thingsboard.mqtt.MqttClient,"connect/2[java.lang.String,int]",false,38,2,1,1,0,1,0,1,0,0,2,0,0,0,0,0,0,0,0,0,0,0,0,0,0,0,32,0,0,true
/home/carlos/Documentos/faculdade/LES/LAB02/repositorios_clonados/thingsboard/netty-mqtt/src/main/java/org/thingsboard/mqtt/MqttClient.java,org.thingsboard.mqtt.MqttClient,"publish/4[java.lang.String,org.thingsboard.mqtt.ByteBuf,org.thingsboard.mqtt.MqttQoS,boolean]",false,163,3,0,0,0,1,0,1,0,0,4,0,0,0,0,0,0,0,0,0,0,0,0,0,0,0,34,0,0,true
/home/carlos/Documentos/faculdade/LES/LAB02/repositorios_clonados/thingsboard/netty-mqtt/src/main/java/org/thingsboard/mqtt/MqttClient.java,org.thingsboard.mqtt.MqttClient,getHandlerExecutor/0,false,76,1,0,0,0,1,0,1,0,0,0,0,0,0,0,0,0,0,0,0,0,0,0,0,0,0,4,0,0,false
/home/carlos/Documentos/faculdade/LES/LAB02/repositorios_clonados/thingsboard/netty-mqtt/src/main/java/org/thingsboard/mqtt/MqttClient.java,org.thingsboard.mqtt.MqttClient,"once/3[java.lang.String,org.thingsboard.mqtt.MqttHandler,org.thingsboard.mqtt.MqttQoS]",false,107,3,0,0,0,1,0,1,0,0,3,0,0,0,0,0,0,0,0,0,0,0,0,0,0,0,42,0,0,true
/home/carlos/Documentos/faculdade/LES/LAB02/repositorios_clonados/thingsboard/netty-mqtt/src/main/java/org/thingsboard/mqtt/MqttClient.java,org.thingsboard.mqtt.MqttClient,setCallback/1[org.thingsboard.mqtt.MqttClientCallback],false,197,1,0,0,0,1,0,1,0,0,1,0,0,0,0,0,0,0,0,0,0,0,0,0,0,0,11,0,0,true
/home/carlos/Documentos/faculdade/LES/LAB02/repositorios_clonados/thingsboard/netty-mqtt/src/main/java/org/thingsboard/mqtt/MqttClient.java,org.thingsboard.mqtt.MqttClient,"once/2[java.lang.String,org.thingsboard.mqtt.MqttHandler]",false,97,2,0,0,0,1,0,1,0,0,2,0,0,0,0,0,0,0,0,0,0,0,0,0,0,0,40,0,0,true
/home/carlos/Documentos/faculdade/LES/LAB02/repositorios_clonados/thingsboard/netty-mqtt/src/main/java/org/thingsboard/mqtt/MqttClient.java,org.thingsboard.mqtt.MqttClient,"off/2[java.lang.String,org.thingsboard.mqtt.MqttHandler]",false,118,2,0,0,0,1,0,1,0,0,2,0,0,0,0,0,0,0,0,0,0,0,0,0,0,0,30,0,0,true
/home/carlos/Documentos/faculdade/LES/LAB02/repositorios_clonados/thingsboard/netty-mqtt/src/main/java/org/thingsboard/mqtt/MqttClientConfig.java,org.thingsboard.mqtt.MqttClientConfig,getProtocolVersion/0,false,90,1,1,1,0,1,0,3,1,0,0,0,0,0,0,0,0,0,0,0,0,0,0,0,0,0,5,1,0,false
/home/carlos/Documentos/faculdade/LES/LAB02/repositorios_clonados/thingsboard/netty-mqtt/src/main/java/org/thingsboard/mqtt/MqttClientConfig.java,org.thingsboard.mqtt.MqttClientConfig,getTimeoutSeconds/0,false,79,0,2,2,0,1,0,3,1,0,0,0,0,0,0,0,0,0,0,0,0,0,0,0,0,0,4,1,0,false
/home/carlos/Documentos/faculdade/LES/LAB02/repositorios_clonados/thingsboard/netty-mqtt/src/main/java/org/thingsboard/mqtt/MqttClientConfig.java,org.thingsboard.mqtt.MqttClientConfig,setPassword/1[java.lang.String],false,115,1,0,0,0,1,0,3,0,0,1,0,0,0,0,0,0,0,0,0,1,0,0,0,0,0,3,1,0,false
/home/carlos/Documentos/faculdade/LES/LAB02/repositorios_clonados/thingsboard/netty-mqtt/src/main/java/org/thingsboard/mqtt/MqttClientConfig.java,org.thingsboard.mqtt.MqttClientConfig,MqttClientConfig/0,true,50,0,2,2,0,1,0,3,0,0,0,0,0,0,0,0,0,0,0,0,0,0,0,0,0,0,4,1,0,false
/home/carlos/Documentos/faculdade/LES/LAB02/repositorios_clonados/thingsboard/netty-mqtt/src/main/java/org/thingsboard/mqtt/MqttClientConfig.java,org.thingsboard.mqtt.MqttClientConfig,getSslContext/0,false,144,1,1,1,0,1,0,3,1,0,0,0,0,0,0,0,0,0,0,0,0,0,0,0,0,0,4,1,0,false
/home/carlos/Documentos/faculdade/LES/LAB02/repositorios_clonados/thingsboard/netty-mqtt/src/main/java/org/thingsboard/mqtt/MqttClientConfig.java,org.thingsboard.mqtt.MqttClientConfig,setReconnectDelay/1[long],false,165,0,1,1,0,2,0,6,0,0,1,0,0,0,0,0,0,0,1,1,1,0,1,0,0,0,18,1,0,true
/home/carlos/Documentos/faculdade/LES/LAB02/repositorios_clonados/thingsboard/netty-mqtt/src/main/java/org/thingsboard/mqtt/MqttClientConfig.java,org.thingsboard.mqtt.MqttClientConfig,isCleanSession/0,false,119,0,1,1,0,1,0,3,1,0,0,0,0,0,0,0,0,0,0,0,0,0,0,0,0,0,4,1,0,false
/home/carlos/Documentos/faculdade/LES/LAB02/repositorios_clonados/thingsboard/netty-mqtt/src/main/java/org/thingsboard/mqtt/MqttClientConfig.java,org.thingsboard.mqtt.MqttClientConfig,getReconnectDelay/0,false,156,0,1,1,0,1,0,3,1,0,0,0,0,0,0,0,0,0,0,0,0,0,0,0,0,0,4,1,0,false
/home/carlos/Documentos/faculdade/LES/LAB02/repositorios_clonados/thingsboard/netty-mqtt/src/main/java/org/thingsboard/mqtt/MqttClientConfig.java,org.thingsboard.mqtt.MqttClientConfig,getUsername/0,false,102,1,1,1,0,1,0,3,1,0,0,0,0,0,0,0,0,0,0,0,0,0,0,0,0,0,3,1,0,false
/home/carlos/Documentos/faculdade/LES/LAB02/repositorios_clonados/thingsboard/netty-mqtt/src/main/java/org/thingsboard/mqtt/MqttClientConfig.java,org.thingsboard.mqtt.MqttClientConfig,setLastWill/1[org.thingsboard.mqtt.MqttLastWill],false,132,2,0,0,0,1,0,3,0,0,1,0,0,0,0,0,0,0,0,0,1,0,0,0,0,0,5,1,0,false
/home/carlos/Documentos/faculdade/LES/LAB02/repositorios_clonados/thingsboard/netty-mqtt/src/main/java/org/thingsboard/mqtt/MqttClientConfig.java,org.thingsboard.mqtt.MqttClientConfig,isReconnect/0,false,148,0,1,1,0,1,0,3,1,0,0,0,0,0,0,0,0,0,0,0,0,0,0,0,0,0,3,1,0,false
/home/carlos/Documentos/faculdade/LES/LAB02/repositorios_clonados/thingsboard/netty-mqtt/src/main/java/org/thingsboard/mqtt/MqttClientConfig.java,org.thingsboard.mqtt.MqttClientConfig,setUsername/1[java.lang.String],false,106,1,0,0,0,1,0,3,0,0,1,0,0,0,0,0,0,0,0,0,1,0,0,0,0,0,3,1,0,false
/home/carlos/Documentos/faculdade/LES/LAB02/repositorios_clonados/thingsboard/netty-mqtt/src/main/java/org/thingsboard/mqtt/MqttClientConfig.java,org.thingsboard.mqtt.MqttClientConfig,getMaxBytesInMessage/0,false,172,0,1,1,0,1,0,3,1,0,0,0,0,0,0,0,0,0,0,0,0,0,0,0,0,0,6,1,0,false
/home/carlos/Documentos/faculdade/LES/LAB02/repositorios_clonados/thingsboard/netty-mqtt/src/main/java/org/thingsboard/mqtt/MqttClientConfig.java,org.thingsboard.mqtt.MqttClientConfig,setReconnect/1[boolean],false,152,0,0,0,0,1,0,3,0,0,1,0,0,0,0,0,0,0,0,0,1,0,0,0,0,0,3,1,0,false
/home/carlos/Documentos/faculdade/LES/LAB02/repositorios_clonados/thingsboard/netty-mqtt/src/main/java/org/thingsboard/mqtt/MqttClientConfig.java,org.thingsboard.mqtt.MqttClientConfig,getChannelClass/0,false,136,0,1,1,0,1,0,3,1,0,0,0,0,0,0,0,0,0,0,0,0,0,0,0,0,0,4,1,0,false
/home/carlos/Documentos/faculdade/LES/LAB02/repositorios_clonados/thingsboard/netty-mqtt/src/main/java/org/thingsboard/mqtt/MqttClientConfig.java,org.thingsboard.mqtt.MqttClientConfig,setCleanSession/1[boolean],false,123,0,0,0,0,1,0,3,0,0,1,0,0,0,0,0,0,0,0,0,1,0,0,0,0,0,4,1,0,false
/home/carlos/Documentos/faculdade/LES/LAB02/repositorios_clonados/thingsboard/netty-mqtt/src/main/java/org/thingsboard/mqtt/MqttClientConfig.java,org.thingsboard.mqtt.MqttClientConfig,setChannelClass/1[java.lang.Class<? extends org.thingsboard.mqtt.Channel>],false,140,0,0,0,0,1,0,3,0,0,1,0,0,0,0,0,0,0,0,0,1,0,0,0,0,0,4,1,0,false
/home/carlos/Documentos/faculdade/LES/LAB02/repositorios_clonados/thingsboard/netty-mqtt/src/main/java/org/thingsboard/mqtt/MqttClientConfig.java,org.thingsboard.mqtt.MqttClientConfig,setTimeoutSeconds/1[int],false,83,0,1,1,0,3,0,6,0,0,1,0,0,0,0,1,0,0,1,2,1,0,1,0,0,0,10,1,0,false
/home/carlos/Documentos/faculdade/LES/LAB02/repositorios_clonados/thingsboard/netty-mqtt/src/main/java/org/thingsboard/mqtt/MqttClientConfig.java,org.thingsboard.mqtt.MqttClientConfig,setMaxBytesInMessage/1[int],false,183,0,0,0,0,3,0,6,0,0,1,0,0,0,0,0,0,0,1,2,1,0,1,0,0,0,38,1,0,true
/home/carlos/Documentos/faculdade/LES/LAB02/repositorios_clonados/thingsboard/netty-mqtt/src/main/java/org/thingsboard/mqtt/MqttClientConfig.java,org.thingsboard.mqtt.MqttClientConfig,getLastWill/0,false,128,2,1,1,0,1,0,3,1,0,0,0,0,0,0,0,0,0,0,0,0,0,0,0,0,0,5,1,0,false
/home/carlos/Documentos/faculdade/LES/LAB02/repositorios_clonados/thingsboard/netty-mqtt/src/main/java/org/thingsboard/mqtt/MqttClientConfig.java,org.thingsboard.mqtt.MqttClientConfig,MqttClientConfig/1[org.thingsboard.mqtt.SslContext],true,54,1,0,0,0,2,2,11,0,4,1,2,0,0,1,0,0,0,3,2,8,0,1,0,0,0,12,1,0,false
/home/carlos/Documentos/faculdade/LES/LAB02/repositorios_clonados/thingsboard/netty-mqtt/src/main/java/org/thingsboard/mqtt/MqttClientConfig.java,org.thingsboard.mqtt.MqttClientConfig,setClientId/1[java.lang.String],false,71,1,0,0,0,2,0,8,0,0,1,0,0,0,0,1,0,0,0,0,2,0,1,0,0,0,6,1,0,false
/home/carlos/Documentos/faculdade/LES/LAB02/repositorios_clonados/thingsboard/netty-mqtt/src/main/java/org/thingsboard/mqtt/MqttClientConfig.java,org.thingsboard.mqtt.MqttClientConfig,getClientId/0,false,67,1,2,2,0,1,0,3,1,0,0,0,0,0,0,0,0,0,0,0,0,0,0,0,0,0,4,1,0,false
/home/carlos/Documentos/faculdade/LES/LAB02/repositorios_clonados/thingsboard/netty-mqtt/src/main/java/org/thingsboard/mqtt/MqttClientConfig.java,org.thingsboard.mqtt.MqttClientConfig,setProtocolVersion/1[org.thingsboard.mqtt.MqttVersion],false,94,1,0,0,0,2,0,6,0,0,1,0,0,0,0,1,0,0,1,0,1,0,1,0,0,0,9,1,0,false
/home/carlos/Documentos/faculdade/LES/LAB02/repositorios_clonados/thingsboard/netty-mqtt/src/main/java/org/thingsboard/mqtt/MqttClientConfig.java,org.thingsboard.mqtt.MqttClientConfig,getPassword/0,false,111,1,1,1,0,1,0,3,1,0,0,0,0,0,0,0,0,0,0,0,0,0,0,0,0,0,3,1,0,false
/home/carlos/Documentos/faculdade/LES/LAB02/repositorios_clonados/thingsboard/netty-mqtt/src/test/java/org/thingsboard/mqtt/integration/MqttIntegrationTest.java,org.thingsboard.mqtt.integration.MqttIntegrationTest,givenActiveMqttClient_whenNoActivityForKeepAliveTimeout_thenDisconnectClient/0,false,91,4,2,0,2,3,13,19,0,8,0,13,2,1,1,1,0,0,4,7,7,0,1,0,0,2,36,1,4,false
/home/carlos/Documentos/faculdade/LES/LAB02/repositorios_clonados/thingsboard/netty-mqtt/src/test/java/org/thingsboard/mqtt/integration/MqttIntegrationTest.java,org.thingsboard.mqtt.integration.MqttIntegrationTest,publishMsg/0,false,119,2,2,1,1,1,3,3,1,0,0,3,0,0,0,0,0,0,2,0,0,0,0,0,0,0,2,2,0,false
/home/carlos/Documentos/faculdade/LES/LAB02/repositorios_clonados/thingsboard/netty-mqtt/src/test/java/org/thingsboard/mqtt/integration/MqttIntegrationTest.java,org.thingsboard.mqtt.integration.MqttIntegrationTest,destroy/0,false,75,3,2,0,2,5,4,14,0,0,0,4,0,0,0,4,0,0,0,2,0,0,1,0,0,0,4,1,0,false
/home/carlos/Documentos/faculdade/LES/LAB02/repositorios_clonados/thingsboard/netty-mqtt/src/test/java/org/thingsboard/mqtt/integration/MqttIntegrationTest.java,org.thingsboard.mqtt.integration.MqttIntegrationTest,initClient/0,false,126,4,10,1,9,3,13,25,1,5,0,13,0,0,0,0,1,0,4,1,5,1,1,0,0,0,42,2,0,false
/home/carlos/Documentos/faculdade/LES/LAB02/repositorios_clonados/thingsboard/netty-mqtt/src/test/java/org/thingsboard/mqtt/integration/MqttIntegrationTest.java,org.thingsboard.mqtt.integration.MqttIntegrationTest,init/0,false,59,4,2,0,2,1,2,12,0,0,0,2,0,0,0,0,0,0,0,0,3,0,0,1,0,0,15,1,0,false
/home/carlos/Documentos/faculdade/LES/LAB02/repositorios_clonados/thingsboard/netty-mqtt/src/main/java/org/thingsboard/mqtt/MqttClientImpl.java,org.thingsboard.mqtt.MqttClientImpl$MqttChannelInitializer,initChannel/1[org.thingsboard.mqtt.SocketChannel],false,580,6,4,0,4,2,6,10,0,0,1,6,0,0,0,1,0,0,5,1,0,0,1,0,0,0,14,4,0,false
/home/carlos/Documentos/faculdade/LES/LAB02/repositorios_clonados/thingsboard/netty-mqtt/src/main/java/org/thingsboard/mqtt/MqttClientImpl.java,org.thingsboard.mqtt.MqttClientImpl$MqttChannelInitializer,"MqttChannelInitializer/4[org.thingsboard.mqtt.Promise<org.thingsboard.mqtt.MqttConnectResult>,java.lang.String,int,org.thingsboard.mqtt.SslContext]",true,572,2,1,1,0,1,0,6,0,0,4,0,0,0,0,0,0,0,0,0,4,0,0,0,0,0,9,1,0,false
/home/carlos/Documentos/faculdade/LES/LAB02/repositorios_clonados/thingsboard/netty-mqtt/src/main/java/org/thingsboard/mqtt/MqttChannelHandler.java,org.thingsboard.mqtt.MqttChannelHandler,handleDisconnect/1[org.thingsboard.mqtt.MqttMessage],false,337,1,1,1,0,2,2,5,0,0,1,2,0,0,0,1,0,0,0,0,0,0,1,0,0,0,6,2,0,false
/home/carlos/Documentos/faculdade/LES/LAB02/repositorios_clonados/thingsboard/netty-mqtt/src/main/java/org/thingsboard/mqtt/MqttChannelHandler.java,org.thingsboard.mqtt.MqttChannelHandler,invokeHandlersForIncomingPublish/1[org.thingsboard.mqtt.MqttPublishMessage],false,131,5,5,2,3,8,24,44,4,4,1,24,0,0,1,1,1,0,0,0,4,0,5,1,0,2,25,0,0,false
/home/carlos/Documentos/faculdade/LES/LAB02/repositorios_clonados/thingsboard/netty-mqtt/src/main/java/org/thingsboard/mqtt/MqttChannelHandler.java,org.thingsboard.mqtt.MqttChannelHandler,"handlePublish/2[org.thingsboard.mqtt.Channel,org.thingsboard.mqtt.MqttPublishMessage]",false,238,9,4,1,3,6,11,28,0,7,2,11,1,1,0,2,0,0,0,4,7,0,3,0,0,1,23,2,0,false
/home/carlos/Documentos/faculdade/LES/LAB02/repositorios_clonados/thingsboard/netty-mqtt/src/main/java/org/thingsboard/mqtt/MqttChannelHandler.java,org.thingsboard.mqtt.MqttChannelHandler,handlePuback/1[org.thingsboard.mqtt.MqttPubAckMessage],false,284,3,5,1,4,3,12,13,1,1,1,12,0,0,0,2,0,0,0,0,1,0,1,0,0,0,11,2,0,false
/home/carlos/Documentos/faculdade/LES/LAB02/repositorios_clonados/thingsboard/netty-mqtt/src/main/java/org/thingsboard/mqtt/MqttChannelHandler.java,org.thingsboard.mqtt.MqttChannelHandler,"MqttChannelHandler/2[org.thingsboard.mqtt.MqttClientImpl,org.thingsboard.mqtt.Promise<org.thingsboard.mqtt.MqttConnectResult>]",true,54,2,1,1,0,1,0,4,0,0,2,0,0,0,0,0,0,0,0,0,2,0,0,0,0,0,8,0,0,false
/home/carlos/Documentos/faculdade/LES/LAB02/repositorios_clonados/thingsboard/netty-mqtt/src/main/java/org/thingsboard/mqtt/MqttChannelHandler.java,org.thingsboard.mqtt.MqttChannelHandler,"handlePubrec/2[org.thingsboard.mqtt.Channel,org.thingsboard.mqtt.MqttMessage]",false,298,6,6,1,5,1,10,10,0,4,2,10,0,0,0,0,0,1,0,1,4,0,0,0,0,0,16,2,0,false
/home/carlos/Documentos/faculdade/LES/LAB02/repositorios_clonados/thingsboard/netty-mqtt/src/main/java/org/thingsboard/mqtt/MqttChannelHandler.java,org.thingsboard.mqtt.MqttChannelHandler,handleSubAck/1[org.thingsboard.mqtt.MqttSubAckMessage],false,215,5,13,1,12,5,21,20,1,2,1,21,0,0,1,2,0,0,0,0,2,0,1,0,0,0,12,2,0,false
/home/carlos/Documentos/faculdade/LES/LAB02/repositorios_clonados/thingsboard/netty-mqtt/src/main/java/org/thingsboard/mqtt/MqttChannelHandler.java,org.thingsboard.mqtt.MqttChannelHandler,handleUnsuback/1[org.thingsboard.mqtt.MqttUnsubAckMessage],false,270,3,6,1,5,3,13,13,1,1,1,13,0,0,0,2,0,0,0,0,1,0,1,0,0,0,11,2,0,false
/home/carlos/Documentos/faculdade/LES/LAB02/repositorios_clonados/thingsboard/netty-mqtt/src/main/java/org/thingsboard/mqtt/MqttChannelHandler.java,org.thingsboard.mqtt.MqttChannelHandler,"handleConack/2[org.thingsboard.mqtt.Channel,org.thingsboard.mqtt.MqttConnAckMessage]",false,175,6,15,1,14,11,29,37,1,4,2,29,0,0,0,2,0,0,0,0,0,0,2,0,0,3,10,2,0,false
/home/carlos/Documentos/faculdade/LES/LAB02/repositorios_clonados/thingsboard/netty-mqtt/src/main/java/org/thingsboard/mqtt/MqttChannelHandler.java,org.thingsboard.mqtt.MqttChannelHandler,"handlePubrel/2[org.thingsboard.mqtt.Channel,org.thingsboard.mqtt.MqttMessage]",false,311,7,4,1,3,2,17,18,1,5,2,17,1,1,0,0,0,3,0,1,6,0,2,0,0,2,22,2,0,false
/home/carlos/Documentos/faculdade/LES/LAB02/repositorios_clonados/thingsboard/netty-mqtt/src/main/java/org/thingsboard/mqtt/MqttChannelHandler.java,org.thingsboard.mqtt.MqttChannelHandler,channelActive/1[org.thingsboard.mqtt.ChannelHandlerContext],false,98,8,12,0,12,9,19,7,0,3,1,19,0,0,0,8,0,0,0,2,3,0,0,0,0,0,18,1,0,false
/home/carlos/Documentos/faculdade/LES/LAB02/repositorios_clonados/thingsboard/netty-mqtt/src/main/java/org/thingsboard/mqtt/MqttChannelHandler.java,org.thingsboard.mqtt.MqttChannelHandler,"exceptionCaught/2[org.thingsboard.mqtt.ChannelHandlerContext,java.lang.Throwable]",false,344,2,1,0,1,3,8,18,0,0,2,8,0,0,0,0,1,0,3,0,0,0,3,0,0,0,9,1,3,false
/home/carlos/Documentos/faculdade/LES/LAB02/repositorios_clonados/thingsboard/netty-mqtt/src/main/java/org/thingsboard/mqtt/MqttChannelHandler.java,org.thingsboard.mqtt.MqttChannelHandler,channelInactive/1[org.thingsboard.mqtt.ChannelHandlerContext],false,127,1,0,0,0,1,1,3,0,0,1,1,0,0,0,0,0,0,0,0,0,0,0,0,0,0,7,1,0,false
/home/carlos/Documentos/faculdade/LES/LAB02/repositorios_clonados/thingsboard/netty-mqtt/src/main/java/org/thingsboard/mqtt/MqttChannelHandler.java,org.thingsboard.mqtt.MqttChannelHandler,"channelRead0/2[org.thingsboard.mqtt.ChannelHandlerContext,org.thingsboard.mqtt.MqttMessage]",false,60,10,11,0,11,11,20,37,0,0,2,20,9,3,0,0,0,0,1,0,0,0,2,0,0,0,24,4,1,false
/home/carlos/Documentos/faculdade/LES/LAB02/repositorios_clonados/thingsboard/netty-mqtt/src/main/java/org/thingsboard/mqtt/MqttChannelHandler.java,org.thingsboard.mqtt.MqttChannelHandler,handlePubcomp/1[org.thingsboard.mqtt.MqttMessage],false,328,4,5,1,4,1,10,8,0,2,1,10,0,0,0,0,0,0,0,0,2,0,0,0,0,0,13,2,0,false
/home/carlos/Documentos/faculdade/LES/LAB02/repositorios_clonados/thingsboard/netty-mqtt/src/main/java/org/thingsboard/mqtt/ChannelClosedException.java,org.thingsboard.mqtt.ChannelClosedException,"ChannelClosedException/2[java.lang.String,java.lang.Throwable]",true,32,0,0,0,0,1,0,3,0,0,2,0,0,0,0,0,0,0,0,0,0,0,0,0,0,0,4,1,0,false
/home/carlos/Documentos/faculdade/LES/LAB02/repositorios_clonados/thingsboard/netty-mqtt/src/main/java/org/thingsboard/mqtt/ChannelClosedException.java,org.thingsboard.mqtt.ChannelClosedException,ChannelClosedException/1[java.lang.String],true,28,0,1,1,0,1,0,3,0,0,1,0,0,0,0,0,0,0,0,0,0,0,0,0,0,0,4,1,0,false
/home/carlos/Documentos/faculdade/LES/LAB02/repositorios_clonados/thingsboard/netty-mqtt/src/main/java/org/thingsboard/mqtt/ChannelClosedException.java,org.thingsboard.mqtt.ChannelClosedException,"ChannelClosedException/4[java.lang.String,java.lang.Throwable,boolean,boolean]",true,40,0,0,0,0,1,0,3,0,0,4,0,0,0,0,0,0,0,0,0,0,0,0,0,0,0,6,1,0,false
/home/carlos/Documentos/faculdade/LES/LAB02/repositorios_clonados/thingsboard/netty-mqtt/src/main/java/org/thingsboard/mqtt/ChannelClosedException.java,org.thingsboard.mqtt.ChannelClosedException,ChannelClosedException/0,true,25,0,0,0,0,1,0,2,0,0,0,0,0,0,0,0,0,0,0,0,0,0,0,0,0,0,3,1,0,false
/home/carlos/Documentos/faculdade/LES/LAB02/repositorios_clonados/thingsboard/netty-mqtt/src/main/java/org/thingsboard/mqtt/ChannelClosedException.java,org.thingsboard.mqtt.ChannelClosedException,ChannelClosedException/1[java.lang.Throwable],true,36,0,0,0,0,1,0,3,0,0,1,0,0,0,0,0,0,0,0,0,0,0,0,0,0,0,5,1,0,false
/home/carlos/Documentos/faculdade/LES/LAB02/repositorios_clonados/thingsboard/netty-mqtt/src/main/java/org/thingsboard/mqtt/PendingOperation.java,org.thingsboard.mqtt.PendingOperation,isCanceled/0,false,20,0,1,1,0,1,0,1,0,0,0,0,0,0,0,0,0,0,0,0,0,0,0,0,0,0,2,0,0,false
/home/carlos/Documentos/faculdade/LES/LAB02/repositorios_clonados/thingsboard/netty-mqtt/src/test/java/org/thingsboard/mqtt/integration/server/MqttServer.java,org.thingsboard.mqtt.integration.server.MqttServer$Anonymous1,initChannel/1[org.thingsboard.mqtt.integration.server.SocketChannel],false,57,4,1,0,1,1,4,8,0,2,1,4,0,0,0,0,0,0,2,1,2,0,0,0,0,0,15,4,0,false
/home/carlos/Documentos/faculdade/LES/LAB02/repositorios_clonados/thingsboard/netty-mqtt/src/main/java/org/thingsboard/mqtt/MqttConnectResult.java,org.thingsboard.mqtt.MqttConnectResult,getReturnCode/0,false,38,1,1,1,0,1,0,3,1,0,0,0,0,0,0,0,0,0,0,0,0,0,0,0,0,0,6,1,0,false
/home/carlos/Documentos/faculdade/LES/LAB02/repositorios_clonados/thingsboard/netty-mqtt/src/main/java/org/thingsboard/mqtt/MqttConnectResult.java,org.thingsboard.mqtt.MqttConnectResult,isSuccess/0,false,34,0,1,1,0,1,0,3,1,0,0,0,0,0,0,0,0,0,0,0,0,0,0,0,0,0,3,1,0,false
/home/carlos/Documentos/faculdade/LES/LAB02/repositorios_clonados/thingsboard/netty-mqtt/src/main/java/org/thingsboard/mqtt/MqttConnectResult.java,org.thingsboard.mqtt.MqttConnectResult,"MqttConnectResult/3[boolean,org.thingsboard.mqtt.MqttConnectReturnCode,org.thingsboard.mqtt.ChannelFuture]",true,28,2,1,1,0,1,0,5,0,0,3,0,0,0,0,0,0,0,0,0,3,0,0,0,0,0,8,0,0,false
/home/carlos/Documentos/faculdade/LES/LAB02/repositorios_clonados/thingsboard/netty-mqtt/src/main/java/org/thingsboard/mqtt/MqttConnectResult.java,org.thingsboard.mqtt.MqttConnectResult,getCloseFuture/0,false,42,1,0,0,0,1,0,3,1,0,0,0,0,0,0,0,0,0,0,0,0,0,0,0,0,0,5,1,0,false
/home/carlos/Documentos/faculdade/LES/LAB02/repositorios_clonados/thingsboard/netty-mqtt/src/main/java/org/thingsboard/mqtt/MqttLastWill.java,org.thingsboard.mqtt.MqttLastWill$Builder,isRetain/0,false,95,0,0,0,0,1,0,3,1,0,0,0,0,0,0,0,0,0,0,0,0,0,0,0,0,0,3,1,0,false
/home/carlos/Documentos/faculdade/LES/LAB02/repositorios_clonados/thingsboard/netty-mqtt/src/main/java/org/thingsboard/mqtt/MqttLastWill.java,org.thingsboard.mqtt.MqttLastWill$Builder,getQos/0,false,104,1,0,0,0,1,0,3,1,0,0,0,0,0,0,0,0,0,0,0,0,0,0,0,0,0,6,1,0,false
/home/carlos/Documentos/faculdade/LES/LAB02/repositorios_clonados/thingsboard/netty-mqtt/src/main/java/org/thingsboard/mqtt/MqttLastWill.java,org.thingsboard.mqtt.MqttLastWill$Builder,getTopic/0,false,71,0,0,0,0,1,0,3,1,0,0,0,0,0,0,0,0,0,0,0,0,0,0,0,0,0,3,1,0,false
/home/carlos/Documentos/faculdade/LES/LAB02/repositorios_clonados/thingsboard/netty-mqtt/src/main/java/org/thingsboard/mqtt/MqttLastWill.java,org.thingsboard.mqtt.MqttLastWill$Builder,getMessage/0,false,83,0,0,0,0,1,0,3,1,0,0,0,0,0,0,0,0,0,0,0,0,0,0,0,0,0,3,1,0,false
/home/carlos/Documentos/faculdade/LES/LAB02/repositorios_clonados/thingsboard/netty-mqtt/src/main/java/org/thingsboard/mqtt/MqttLastWill.java,org.thingsboard.mqtt.MqttLastWill$Builder,setQos/1[org.thingsboard.mqtt.MqttQoS],false,108,2,0,0,0,2,0,7,1,0,1,0,0,0,0,1,0,0,1,0,1,0,1,0,0,0,11,1,0,false
/home/carlos/Documentos/faculdade/LES/LAB02/repositorios_clonados/thingsboard/netty-mqtt/src/main/java/org/thingsboard/mqtt/MqttLastWill.java,org.thingsboard.mqtt.MqttLastWill$Builder,setRetain/1[boolean],false,99,1,0,0,0,1,0,4,1,0,1,0,0,0,0,0,0,0,0,0,1,0,0,0,0,0,4,1,0,false
/home/carlos/Documentos/faculdade/LES/LAB02/repositorios_clonados/thingsboard/netty-mqtt/src/main/java/org/thingsboard/mqtt/MqttLastWill.java,org.thingsboard.mqtt.MqttLastWill$Builder,setTopic/1[java.lang.String],false,75,1,0,0,0,2,0,7,1,0,1,0,0,0,0,1,0,0,1,0,1,0,1,0,0,0,8,1,0,false
/home/carlos/Documentos/faculdade/LES/LAB02/repositorios_clonados/thingsboard/netty-mqtt/src/main/java/org/thingsboard/mqtt/MqttLastWill.java,org.thingsboard.mqtt.MqttLastWill$Builder,setMessage/1[java.lang.String],false,87,1,0,0,0,2,0,7,1,0,1,0,0,0,0,1,0,0,1,0,1,0,1,0,0,0,8,1,0,false
/home/carlos/Documentos/faculdade/LES/LAB02/repositorios_clonados/thingsboard/netty-mqtt/src/main/java/org/thingsboard/mqtt/MqttLastWill.java,org.thingsboard.mqtt.MqttLastWill$Builder,build/0,false,116,1,1,0,1,1,0,3,1,0,0,0,0,0,0,0,0,0,0,0,0,0,0,0,0,0,4,1,0,false
/home/carlos/Documentos/faculdade/LES/LAB02/repositorios_clonados/thingsboard/netty-mqtt/src/main/java/org/thingsboard/mqtt/MqttSubscription.java,org.thingsboard.mqtt.MqttSubscription,isCalled/0,false,55,0,0,0,0,1,0,3,1,0,0,0,0,0,0,0,0,0,0,0,0,0,0,0,0,0,3,0,0,false
/home/carlos/Documentos/faculdade/LES/LAB02/repositorios_clonados/thingsboard/netty-mqtt/src/main/java/org/thingsboard/mqtt/MqttSubscription.java,org.thingsboard.mqtt.MqttSubscription,hashCode/0,false,74,0,0,0,0,2,2,6,1,1,0,2,0,0,0,0,0,1,0,4,3,4,0,0,0,0,4,1,0,false
/home/carlos/Documentos/faculdade/LES/LAB02/repositorios_clonados/thingsboard/netty-mqtt/src/main/java/org/thingsboard/mqtt/MqttSubscription.java,org.thingsboard.mqtt.MqttSubscription,"MqttSubscription/3[java.lang.String,org.thingsboard.mqtt.MqttHandler,boolean]",true,30,1,2,2,0,3,2,12,0,0,3,2,0,0,0,2,0,0,7,0,4,1,1,0,0,0,9,0,0,false
/home/carlos/Documentos/faculdade/LES/LAB02/repositorios_clonados/thingsboard/netty-mqtt/src/main/java/org/thingsboard/mqtt/MqttSubscription.java,org.thingsboard.mqtt.MqttSubscription,isOnce/0,false,51,0,0,0,0,1,0,3,1,0,0,0,0,0,0,0,0,0,0,0,0,0,0,0,0,0,3,0,0,false
/home/carlos/Documentos/faculdade/LES/LAB02/repositorios_clonados/thingsboard/netty-mqtt/src/main/java/org/thingsboard/mqtt/MqttSubscription.java,org.thingsboard.mqtt.MqttSubscription,matches/1[java.lang.String],false,59,0,1,1,0,1,2,3,1,0,1,2,0,0,0,0,0,0,0,0,0,0,0,0,0,0,2,0,0,false
/home/carlos/Documentos/faculdade/LES/LAB02/repositorios_clonados/thingsboard/netty-mqtt/src/main/java/org/thingsboard/mqtt/MqttSubscription.java,org.thingsboard.mqtt.MqttSubscription,equals/1[java.lang.Object],false,64,1,0,0,0,5,3,6,3,1,1,3,0,0,0,4,0,0,0,0,1,0,1,0,0,0,12,1,0,false
/home/carlos/Documentos/faculdade/LES/LAB02/repositorios_clonados/thingsboard/netty-mqtt/src/main/java/org/thingsboard/mqtt/MqttSubscription.java,org.thingsboard.mqtt.MqttSubscription,getTopic/0,false,43,0,0,0,0,1,0,3,1,0,0,0,0,0,0,0,0,0,0,0,0,0,0,0,0,0,3,0,0,false
/home/carlos/Documentos/faculdade/LES/LAB02/repositorios_clonados/thingsboard/netty-mqtt/src/main/java/org/thingsboard/mqtt/MqttSubscription.java,org.thingsboard.mqtt.MqttSubscription,setCalled/1[boolean],false,81,0,0,0,0,1,0,3,0,0,1,0,0,0,0,0,0,0,0,0,1,0,0,0,0,0,3,0,0,false
/home/carlos/Documentos/faculdade/LES/LAB02/repositorios_clonados/thingsboard/netty-mqtt/src/main/java/org/thingsboard/mqtt/MqttSubscription.java,org.thingsboard.mqtt.MqttSubscription,getHandler/0,false,47,1,1,1,0,1,0,3,1,0,0,0,0,0,0,0,0,0,0,0,0,0,0,0,0,0,4,1,0,false
/home/carlos/Documentos/faculdade/LES/LAB02/repositorios_clonados/thingsboard/netty-mqtt/src/main/java/org/thingsboard/mqtt/MqttHandler.java,org.thingsboard.mqtt.MqttHandler,"onMessage/2[java.lang.String,org.thingsboard.mqtt.ByteBuf]",false,22,1,0,0,0,1,0,1,0,0,2,0,0,0,0,0,0,0,0,0,0,0,0,0,0,0,60,0,0,true
/home/carlos/Documentos/faculdade/LES/LAB02/repositorios_clonados/thingsboard/netty-mqtt/src/main/java/org/thingsboard/mqtt/MqttPendingPublish.java,org.thingsboard.mqtt.MqttPendingPublish,"MqttPendingPublish/6[int,org.thingsboard.mqtt.Promise<java.lang.Void>,org.thingsboard.mqtt.ByteBuf,org.thingsboard.mqtt.MqttPublishMessage,org.thingsboard.mqtt.MqttQoS,org.thingsboard.mqtt.PendingOperation]",true,40,6,1,1,0,1,1,10,0,0,6,1,0,0,0,0,0,0,0,0,7,0,0,0,0,0,9,0,0,false
/home/carlos/Documentos/faculdade/LES/LAB02/repositorios_clonados/thingsboard/netty-mqtt/src/main/java/org/thingsboard/mqtt/MqttPendingPublish.java,org.thingsboard.mqtt.MqttPendingPublish,getMessageId/0,false,52,0,2,2,0,1,0,3,1,0,0,0,0,0,0,0,0,0,0,0,0,0,0,0,0,0,4,0,0,false
/home/carlos/Documentos/faculdade/LES/LAB02/repositorios_clonados/thingsboard/netty-mqtt/src/main/java/org/thingsboard/mqtt/MqttPendingPublish.java,org.thingsboard.mqtt.MqttPendingPublish,isSent/0,false,64,0,1,1,0,1,0,3,1,0,0,0,0,0,0,0,0,0,0,0,0,0,0,0,0,0,3,0,0,false
/home/carlos/Documentos/faculdade/LES/LAB02/repositorios_clonados/thingsboard/netty-mqtt/src/main/java/org/thingsboard/mqtt/MqttPendingPublish.java,org.thingsboard.mqtt.MqttPendingPublish,setPubrelMessage/1[org.thingsboard.mqtt.MqttMessage],false,90,1,1,1,0,1,1,3,0,0,1,1,0,0,0,0,0,0,0,0,0,0,0,0,0,0,5,0,0,false
/home/carlos/Documentos/faculdade/LES/LAB02/repositorios_clonados/thingsboard/netty-mqtt/src/main/java/org/thingsboard/mqtt/MqttPendingPublish.java,org.thingsboard.mqtt.MqttPendingPublish,getPayload/0,false,60,1,2,2,0,1,0,3,1,0,0,0,0,0,0,0,0,0,0,0,0,0,0,0,0,0,5,0,0,false
/home/carlos/Documentos/faculdade/LES/LAB02/repositorios_clonados/thingsboard/netty-mqtt/src/main/java/org/thingsboard/mqtt/MqttPendingPublish.java,org.thingsboard.mqtt.MqttPendingPublish,getMessage/0,false,72,1,1,1,0,1,0,3,1,0,0,0,0,0,0,0,0,0,0,0,0,0,0,0,0,0,5,0,0,false
/home/carlos/Documentos/faculdade/LES/LAB02/repositorios_clonados/thingsboard/netty-mqtt/src/main/java/org/thingsboard/mqtt/MqttPendingPublish.java,org.thingsboard.mqtt.MqttPendingPublish,"startPublishRetransmissionTimer/2[org.thingsboard.mqtt.EventLoop,java.util.function.Consumer<java.lang.Object>]",false,80,2,0,0,0,1,5,4,0,2,2,5,0,0,0,0,0,1,0,0,0,0,0,0,0,1,11,0,0,false
/home/carlos/Documentos/faculdade/LES/LAB02/repositorios_clonados/thingsboard/netty-mqtt/src/main/java/org/thingsboard/mqtt/MqttPendingPublish.java,org.thingsboard.mqtt.MqttPendingPublish,"startPubrelRetransmissionTimer/2[org.thingsboard.mqtt.EventLoop,java.util.function.Consumer<java.lang.Object>]",false,94,2,1,1,0,1,4,4,0,2,2,4,0,0,0,0,0,0,0,0,0,0,0,0,0,1,11,0,0,false
/home/carlos/Documentos/faculdade/LES/LAB02/repositorios_clonados/thingsboard/netty-mqtt/src/main/java/org/thingsboard/mqtt/MqttPendingPublish.java,org.thingsboard.mqtt.MqttPendingPublish,getFuture/0,false,56,1,3,3,0,1,0,3,1,0,0,0,0,0,0,0,0,0,0,0,0,0,0,0,0,0,3,0,0,false
/home/carlos/Documentos/faculdade/LES/LAB02/repositorios_clonados/thingsboard/netty-mqtt/src/main/java/org/thingsboard/mqtt/MqttPendingPublish.java,org.thingsboard.mqtt.MqttPendingPublish,getQos/0,false,76,1,1,1,0,1,0,3,1,0,0,0,0,0,0,0,0,0,0,0,0,0,0,0,0,0,6,0,0,false
/home/carlos/Documentos/faculdade/LES/LAB02/repositorios_clonados/thingsboard/netty-mqtt/src/main/java/org/thingsboard/mqtt/MqttPendingPublish.java,org.thingsboard.mqtt.MqttPendingPublish,setSent/1[boolean],false,68,0,1,1,0,1,0,3,0,0,1,0,0,0,0,0,0,0,0,0,1,0,0,0,0,0,3,0,0,false
/home/carlos/Documentos/faculdade/LES/LAB02/repositorios_clonados/thingsboard/netty-mqtt/src/main/java/org/thingsboard/mqtt/MqttPendingPublish.java,org.thingsboard.mqtt.MqttPendingPublish,onPubackReceived/0,false,86,0,2,2,0,1,1,3,0,0,0,1,0,0,0,0,0,0,0,0,0,0,0,0,0,0,3,0,0,false
/home/carlos/Documentos/faculdade/LES/LAB02/repositorios_clonados/thingsboard/netty-mqtt/src/main/java/org/thingsboard/mqtt/MqttPendingPublish.java,org.thingsboard.mqtt.MqttPendingPublish,onPubcompReceived/0,false,100,0,1,1,0,1,1,3,0,0,0,1,0,0,0,0,0,0,0,0,0,0,0,0,0,0,3,0,0,false
/home/carlos/Documentos/faculdade/LES/LAB02/repositorios_clonados/thingsboard/netty-mqtt/src/main/java/org/thingsboard/mqtt/MqttPendingPublish.java,org.thingsboard.mqtt.MqttPendingPublish,onChannelClosed/0,false,104,0,0,0,0,2,2,7,0,0,0,2,0,0,0,1,0,0,0,0,0,0,1,0,0,0,5,0,0,false
/home/carlos/Documentos/faculdade/LES/LAB02/repositorios_clonados/thingsboard/netty-mqtt/src/main/java/org/thingsboard/mqtt/MqttIncomingQos2Publish.java,org.thingsboard.mqtt.MqttIncomingQos2Publish,MqttIncomingQos2Publish/1[org.thingsboard.mqtt.MqttPublishMessage],true,24,1,1,1,0,1,0,3,0,0,1,0,0,0,0,0,0,0,0,0,1,0,0,0,0,0,6,0,0,false
/home/carlos/Documentos/faculdade/LES/LAB02/repositorios_clonados/thingsboard/netty-mqtt/src/main/java/org/thingsboard/mqtt/MqttIncomingQos2Publish.java,org.thingsboard.mqtt.MqttIncomingQos2Publish,getIncomingPublish/0,false,28,1,1,1,0,1,0,3,1,0,0,0,0,0,0,0,0,0,0,0,0,0,0,0,0,0,6,0,0,false
/home/carlos/Documentos/faculdade/LES/LAB02/repositorios_clonados/thingsboard/netty-mqtt/src/main/java/org/thingsboard/mqtt/MqttLastWill.java,org.thingsboard.mqtt.MqttLastWill,getQos/0,false,56,1,1,1,0,1,0,3,1,0,0,0,0,0,0,0,0,0,0,0,0,0,0,0,0,0,6,1,0,false
/home/carlos/Documentos/faculdade/LES/LAB02/repositorios_clonados/thingsboard/netty-mqtt/src/main/java/org/thingsboard/mqtt/MqttLastWill.java,org.thingsboard.mqtt.MqttLastWill,hashCode/0,false,136,0,0,0,0,2,2,7,1,1,0,2,0,0,0,0,0,1,0,5,4,6,0,0,0,0,4,1,0,false
/home/carlos/Documentos/faculdade/LES/LAB02/repositorios_clonados/thingsboard/netty-mqtt/src/main/java/org/thingsboard/mqtt/MqttLastWill.java,org.thingsboard.mqtt.MqttLastWill,isRetain/0,false,52,0,1,1,0,1,0,3,1,0,0,0,0,0,0,0,0,0,0,0,0,0,0,0,0,0,3,1,0,false
/home/carlos/Documentos/faculdade/LES/LAB02/repositorios_clonados/thingsboard/netty-mqtt/src/main/java/org/thingsboard/mqtt/MqttLastWill.java,org.thingsboard.mqtt.MqttLastWill,getMessage/0,false,48,0,1,1,0,1,0,3,1,0,0,0,0,0,0,0,0,0,0,0,0,0,0,0,0,0,3,1,0,false
/home/carlos/Documentos/faculdade/LES/LAB02/repositorios_clonados/thingsboard/netty-mqtt/src/main/java/org/thingsboard/mqtt/MqttLastWill.java,org.thingsboard.mqtt.MqttLastWill,toString/0,false,145,0,0,0,0,1,6,9,1,1,0,6,0,0,0,0,0,0,5,0,1,0,0,0,0,0,8,1,0,false
/home/carlos/Documentos/faculdade/LES/LAB02/repositorios_clonados/thingsboard/netty-mqtt/src/main/java/org/thingsboard/mqtt/MqttLastWill.java,org.thingsboard.mqtt.MqttLastWill,getTopic/0,false,44,0,1,1,0,1,0,3,1,0,0,0,0,0,0,0,0,0,0,0,0,0,0,0,0,0,3,1,0,false
/home/carlos/Documentos/faculdade/LES/LAB02/repositorios_clonados/thingsboard/netty-mqtt/src/main/java/org/thingsboard/mqtt/MqttLastWill.java,org.thingsboard.mqtt.MqttLastWill,builder/0,false,60,1,1,0,1,1,0,3,1,0,0,0,0,0,0,0,0,0,0,0,0,0,0,0,0,0,1,9,0,false
/home/carlos/Documentos/faculdade/LES/LAB02/repositorios_clonados/thingsboard/netty-mqtt/src/main/java/org/thingsboard/mqtt/MqttLastWill.java,org.thingsboard.mqtt.MqttLastWill,"MqttLastWill/4[java.lang.String,java.lang.String,boolean,org.thingsboard.mqtt.MqttQoS]",true,28,1,1,1,0,4,0,15,0,0,4,0,0,0,0,3,0,0,3,0,4,0,1,0,0,0,11,1,0,false
/home/carlos/Documentos/faculdade/LES/LAB02/repositorios_clonados/thingsboard/netty-mqtt/src/main/java/org/thingsboard/mqtt/MqttLastWill.java,org.thingsboard.mqtt.MqttLastWill,equals/1[java.lang.Object],false,122,1,0,0,0,8,2,9,6,1,1,2,0,0,0,5,0,0,0,0,1,0,1,0,0,0,14,1,0,false
/home/carlos/Documentos/faculdade/LES/LAB02/repositorios_clonados/thingsboard/netty-mqtt/src/test/java/org/thingsboard/mqtt/integration/MqttIntegrationTest.java,org.thingsboard.mqtt.integration.MqttIntegrationTest$Anonymous1,getThreadPollSize/0,false,62,0,0,0,0,1,0,3,1,0,0,0,0,0,0,0,0,0,0,1,0,0,0,0,0,0,4,4,0,false
/home/carlos/Documentos/faculdade/LES/LAB02/repositorios_clonados/thingsboard/netty-mqtt/src/main/java/org/thingsboard/mqtt/MqttPendingSubscription.java,org.thingsboard.mqtt.MqttPendingSubscription,getHandlers/0,false,70,1,1,1,0,1,0,3,1,0,0,0,0,0,0,0,0,0,0,0,0,0,0,0,0,0,3,0,0,false
/home/carlos/Documentos/faculdade/LES/LAB02/repositorios_clonados/thingsboard/netty-mqtt/src/main/java/org/thingsboard/mqtt/MqttPendingSubscription.java,org.thingsboard.mqtt.MqttPendingSubscription,getTopic/0,false,50,0,2,2,0,1,0,3,1,0,0,0,0,0,0,0,0,0,0,0,0,0,0,0,0,0,3,0,0,false
/home/carlos/Documentos/faculdade/LES/LAB02/repositorios_clonados/thingsboard/netty-mqtt/src/main/java/org/thingsboard/mqtt/MqttPendingSubscription.java,org.thingsboard.mqtt.MqttPendingSubscription,"startRetransmitTimer/2[org.thingsboard.mqtt.EventLoop,java.util.function.Consumer<java.lang.Object>]",false,74,2,1,1,0,2,5,6,0,2,2,5,0,0,0,0,0,0,0,0,0,0,1,0,0,1,11,0,0,false
/home/carlos/Documentos/faculdade/LES/LAB02/repositorios_clonados/thingsboard/netty-mqtt/src/main/java/org/thingsboard/mqtt/MqttPendingSubscription.java,org.thingsboard.mqtt.MqttPendingSubscription,"MqttPendingSubscription/4[org.thingsboard.mqtt.Promise<java.lang.Void>,java.lang.String,org.thingsboard.mqtt.MqttSubscribeMessage,org.thingsboard.mqtt.PendingOperation]",true,37,4,1,1,0,1,1,7,0,0,4,1,0,0,0,0,0,0,0,0,4,0,0,0,0,0,7,0,0,false
/home/carlos/Documentos/faculdade/LES/LAB02/repositorios_clonados/thingsboard/netty-mqtt/src/main/java/org/thingsboard/mqtt/MqttPendingSubscription.java,org.thingsboard.mqtt.MqttPendingSubscription,onSubackReceived/0,false,82,0,1,1,0,1,1,3,0,0,0,1,0,0,0,0,0,0,0,0,0,0,0,0,0,0,3,0,0,false
/home/carlos/Documentos/faculdade/LES/LAB02/repositorios_clonados/thingsboard/netty-mqtt/src/main/java/org/thingsboard/mqtt/MqttPendingSubscription.java,org.thingsboard.mqtt.MqttPendingSubscription,isSent/0,false,54,0,1,1,0,1,0,3,1,0,0,0,0,0,0,0,0,0,0,0,0,0,0,0,0,0,3,0,0,false
/home/carlos/Documentos/faculdade/LES/LAB02/repositorios_clonados/thingsboard/netty-mqtt/src/main/java/org/thingsboard/mqtt/MqttPendingSubscription.java,org.thingsboard.mqtt.MqttPendingSubscription,getSubscribeMessage/0,false,62,1,1,1,0,1,0,3,1,0,0,0,0,0,0,0,0,0,0,0,0,0,0,0,0,0,5,0,0,false
/home/carlos/Documentos/faculdade/LES/LAB02/repositorios_clonados/thingsboard/netty-mqtt/src/main/java/org/thingsboard/mqtt/MqttPendingSubscription.java,org.thingsboard.mqtt.MqttPendingSubscription,onChannelClosed/0,false,104,0,0,0,0,1,1,3,0,0,0,1,0,0,0,0,0,0,0,0,0,0,0,0,0,0,3,0,0,false
/home/carlos/Documentos/faculdade/LES/LAB02/repositorios_clonados/thingsboard/netty-mqtt/src/main/java/org/thingsboard/mqtt/MqttPendingSubscription.java,org.thingsboard.mqtt.MqttPendingSubscription,getFuture/0,false,46,1,2,2,0,1,0,3,1,0,0,0,0,0,0,0,0,0,0,0,0,0,0,0,0,0,3,0,0,false
/home/carlos/Documentos/faculdade/LES/LAB02/repositorios_clonados/thingsboard/netty-mqtt/src/main/java/org/thingsboard/mqtt/MqttPendingSubscription.java,org.thingsboard.mqtt.MqttPendingSubscription,setSent/1[boolean],false,58,0,2,2,0,1,0,3,0,0,1,0,0,0,0,0,0,0,0,0,1,0,0,0,0,0,3,0,0,false
/home/carlos/Documentos/faculdade/LES/LAB02/repositorios_clonados/thingsboard/netty-mqtt/src/main/java/org/thingsboard/mqtt/MqttPendingSubscription.java,org.thingsboard.mqtt.MqttPendingSubscription,"addHandler/2[org.thingsboard.mqtt.MqttHandler,boolean]",false,66,2,2,1,1,1,1,3,0,0,2,1,0,0,0,0,0,0,0,0,0,0,0,0,0,0,5,0,0,false
/home/carlos/Documentos/faculdade/LES/LAB02/repositorios_clonados/thingsboard/netty-mqtt/src/main/java/org/thingsboard/mqtt/MqttClientCallback.java,org.thingsboard.mqtt.MqttClientCallback,connectionLost/1[java.lang.Throwable],false,29,0,0,0,0,1,0,1,0,0,1,0,0,0,0,0,0,0,0,0,0,0,0,0,0,0,16,0,0,true
/home/carlos/Documentos/faculdade/LES/LAB02/repositorios_clonados/thingsboard/netty-mqtt/src/main/java/org/thingsboard/mqtt/MqttClientCallback.java,org.thingsboard.mqtt.MqttClientCallback,onSuccessfulReconnect/0,false,36,0,1,1,0,1,0,1,0,0,0,0,0,0,0,0,0,0,0,0,0,0,0,0,0,0,12,0,0,true
/home/carlos/Documentos/faculdade/LES/LAB02/repositorios_clonados/thingsboard/netty-mqtt/src/main/java/org/thingsboard/mqtt/MqttClientCallback.java,org.thingsboard.mqtt.MqttClientCallback,onConnAck/1[org.thingsboard.mqtt.MqttConnAckMessage],false,42,1,0,0,0,1,0,2,0,0,1,0,0,0,0,0,0,0,0,0,0,0,0,0,0,0,6,65536,0,false
/home/carlos/Documentos/faculdade/LES/LAB02/repositorios_clonados/thingsboard/netty-mqtt/src/main/java/org/thingsboard/mqtt/MqttClientCallback.java,org.thingsboard.mqtt.MqttClientCallback,onPubAck/1[org.thingsboard.mqtt.MqttPubAckMessage],false,45,1,0,0,0,1,0,2,0,0,1,0,0,0,0,0,0,0,0,0,0,0,0,0,0,0,6,65536,0,false
/home/carlos/Documentos/faculdade/LES/LAB02/repositorios_clonados/thingsboard/netty-mqtt/src/main/java/org/thingsboard/mqtt/MqttClientCallback.java,org.thingsboard.mqtt.MqttClientCallback,onSubAck/1[org.thingsboard.mqtt.MqttSubAckMessage],false,48,1,0,0,0,1,0,2,0,0,1,0,0,0,0,0,0,0,0,0,0,0,0,0,0,0,6,65536,0,false
/home/carlos/Documentos/faculdade/LES/LAB02/repositorios_clonados/thingsboard/netty-mqtt/src/main/java/org/thingsboard/mqtt/MqttClientCallback.java,org.thingsboard.mqtt.MqttClientCallback,onUnsubAck/1[org.thingsboard.mqtt.MqttUnsubAckMessage],false,51,1,0,0,0,1,0,2,0,0,1,0,0,0,0,0,0,0,0,0,0,0,0,0,0,0,6,65536,0,false
/home/carlos/Documentos/faculdade/LES/LAB02/repositorios_clonados/thingsboard/netty-mqtt/src/main/java/org/thingsboard/mqtt/MqttClientCallback.java,org.thingsboard.mqtt.MqttClientCallback,onDisconnect/1[org.thingsboard.mqtt.MqttMessage],false,54,1,0,0,0,1,0,2,0,0,1,0,0,0,0,0,0,0,0,0,0,0,0,0,0,0,5,65536,0,false
/home/carlos/Documentos/faculdade/LES/LAB02/repositorios_clonados/thingsboard/netty-mqtt/src/main/java/org/thingsboard/mqtt/MqttChannelHandler.java,org.thingsboard.mqtt.MqttChannelHandler$Anonymous1,onFailure/1[Throwable],false,167,1,0,0,0,1,2,3,0,0,1,2,0,0,0,0,0,0,0,0,0,0,0,0,0,0,4,1,0,false
/home/carlos/Documentos/faculdade/LES/LAB02/repositorios_clonados/thingsboard/netty-mqtt/src/main/java/org/thingsboard/mqtt/MqttChannelHandler.java,org.thingsboard.mqtt.MqttChannelHandler$Anonymous1,onSuccess/1[Void],false,162,1,0,0,0,1,2,3,0,0,1,2,0,0,0,0,0,0,0,0,0,0,0,0,0,0,4,1,0,false
/home/carlos/Documentos/faculdade/LES/LAB02/repositorios_clonados/thingsboard/netty-mqtt/src/test/java/org/thingsboard/mqtt/integration/server/MqttTransportHandler.java,org.thingsboard.mqtt.integration.server.MqttTransportHandler,operationComplete/1[org.thingsboard.mqtt.integration.server.Future<? super java.lang.Void>],false,138,1,0,0,0,1,1,3,0,0,1,1,0,0,0,0,0,0,1,0,0,0,0,0,0,0,6,1,1,false
/home/carlos/Documentos/faculdade/LES/LAB02/repositorios_clonados/thingsboard/netty-mqtt/src/test/java/org/thingsboard/mqtt/integration/server/MqttTransportHandler.java,org.thingsboard.mqtt.integration.server.MqttTransportHandler,"processConnect/2[org.thingsboard.mqtt.integration.server.ChannelHandlerContext,org.thingsboard.mqtt.integration.server.MqttConnectMessage]",false,107,3,2,1,1,1,6,6,0,2,2,6,1,1,0,0,0,0,1,0,2,0,0,0,0,0,17,0,1,false
/home/carlos/Documentos/faculdade/LES/LAB02/repositorios_clonados/thingsboard/netty-mqtt/src/test/java/org/thingsboard/mqtt/integration/server/MqttTransportHandler.java,org.thingsboard.mqtt.integration.server.MqttTransportHandler,MqttTransportHandler/1[java.util.List<org.thingsboard.mqtt.integration.server.MqttMessageType>],true,52,1,1,1,0,1,1,4,0,0,1,1,0,0,0,0,0,0,0,0,2,0,0,0,0,0,6,0,0,false
/home/carlos/Documentos/faculdade/LES/LAB02/repositorios_clonados/thingsboard/netty-mqtt/src/test/java/org/thingsboard/mqtt/integration/server/MqttTransportHandler.java,org.thingsboard.mqtt.integration.server.MqttTransportHandler,"processMqttMsg/2[org.thingsboard.mqtt.integration.server.ChannelHandlerContext,org.thingsboard.mqtt.integration.server.MqttMessage]",false,78,5,3,1,2,6,8,26,1,1,2,8,2,3,0,1,0,0,0,0,1,0,1,0,0,0,30,0,0,false
/home/carlos/Documentos/faculdade/LES/LAB02/repositorios_clonados/thingsboard/netty-mqtt/src/test/java/org/thingsboard/mqtt/integration/server/MqttTransportHandler.java,org.thingsboard.mqtt.integration.server.MqttTransportHandler,createMqttConnAckMsg/1[org.thingsboard.mqtt.integration.server.MqttConnectMessage],false,115,4,1,1,0,1,2,5,1,2,1,2,0,0,0,0,0,0,0,1,2,0,0,0,0,0,12,2,0,false
/home/carlos/Documentos/faculdade/LES/LAB02/repositorios_clonados/thingsboard/netty-mqtt/src/test/java/org/thingsboard/mqtt/integration/server/MqttTransportHandler.java,org.thingsboard.mqtt.integration.server.MqttTransportHandler,createMqttPubAckMsg/1[int],false,129,3,1,1,0,1,1,5,1,2,1,1,0,0,0,0,0,0,0,1,2,0,0,0,0,0,12,9,0,false
/home/carlos/Documentos/faculdade/LES/LAB02/repositorios_clonados/thingsboard/netty-mqtt/src/test/java/org/thingsboard/mqtt/integration/server/MqttTransportHandler.java,org.thingsboard.mqtt.integration.server.MqttTransportHandler,"ack/2[org.thingsboard.mqtt.integration.server.ChannelHandlerContext,int]",false,123,2,2,1,1,2,2,5,0,0,2,2,1,1,0,0,0,0,0,1,0,0,1,0,0,0,11,2,0,false
/home/carlos/Documentos/faculdade/LES/LAB02/repositorios_clonados/thingsboard/netty-mqtt/src/test/java/org/thingsboard/mqtt/integration/server/MqttTransportHandler.java,org.thingsboard.mqtt.integration.server.MqttTransportHandler,"channelRead/2[org.thingsboard.mqtt.integration.server.ChannelHandlerContext,java.lang.Object]",false,58,3,1,0,1,3,12,22,0,1,2,12,1,4,0,0,1,0,3,0,1,0,3,0,0,0,16,1,3,false
